시군구코드,법정동,단지명,전용면적,층,건축년도,계약년도,계약월,계약일,거래금액,해제여부,해제사유발생일,거래유형,도로명,지번
11470,신정동,동원로데오,84.2,8,2006,2026,1,5,95000,,,중개거래,목동로29길,1308
11470,신정동,목동신시가지14,108.28,12,1987,2026,1,26,283000,,,중개거래,목동동로,329
11470,목동,롯데캐슬위너,84.98,19,2005,2026,1,24,134000,,,중개거래,목동중앙북로,956
11470,신월동,해주,79.86,7,2001,2026,1,29,45000,,,중개거래,곰달래로2길,217-8
11470,신정동,목동동보,110.14,5,2004,2026,1,26,134500,,,중개거래,목동로19길,993-1
11470,신정동,목동신시가지9,126.02,3,1987,2026,1,13,320000,,,중개거래,목동서로,312
11470,목동,성원2,59.9,3,2000,2026,1,26,64250,,,중개거래,목동중앙남로,709-2
11470,신정동,푸른마을2,49.16,5,2001,2026,1,26,56000,,,중개거래,신정로7길,1281
11470,신정동,래미안목동아델리체(101동~118동),84.72,21,2021,2026,1,28,190000,,,중개거래,중앙로43길,1326
11470,신정동,푸른마을2,59.85,2,2001,2026,1,30,62000,,,중개거래,신정로7길,1281
11470,신정동,래미안목동아델리체(101동~118동),115.97,6,2021,2026,1,29,210000,,,중개거래,중앙로43길,1326
11470,신정동,래미안목동아델리체(101동~118동),59.82,21,2021,2026,1,26,159000,,,중개거래,중앙로43길,1326
11470,신정동,목동2삼성래미안,59.92,5,2001,2026,1,31,115500,,,중개거래,목동남로4길,1295
11470,신정동,신정현대5,114.24,7,1999,2026,1,31,137000,,,중개거래,신정로,1273
11470,신정동,신트리3,84.8,14,2000,2026,1,27,108000,,,중개거래,신정로,1276
11470,신월동,목동센트럴아이파크위브3단지,84.98,10,2020,2026,1,31,130000,,,중개거래,남부순환로83길,1077
11470,목동,건영,84.33,11,1994,2026,1,30,55000,,,직거래,목동중앙본로22길,928
11470,신정동,현대,84.84,9,1995,2026,1,31,140000,,,중개거래,신목로,1252
11470,신월동,에이원,62.19,4,1994,2026,1,29,25500,,,중개거래,월정로11길,413-3
11470,목동,하이페리온2,119.369,35,2006,2026,1,31,314000,,,중개거래,오목로,961
11470,목동,목동금호베스트빌,83.71,4,2002,2026,1,31,98000,,,중개거래,목동중앙북로8길,549
11470,신월동,신월대림,114.3,7,2001,2026,1,26,80500,,,중개거래,오목로13길,491-1
11470,목동,목동동화옥시죤-7,76.38,6,2005,2026,1,30,79500,,,중개거래,목동중앙본로3길,747-12
11470,신정동,목동우성3,114.89,6,1999,2026,1,17,92000,,,중개거래,목동남로4길,338
11470,신정동,신트리1,59.73,12,1999,2026,1,31,87800,,,중개거래,신정로,1259
11470,신정동,중앙하이츠,162.36,2,2010,2026,1,30,135000,,,중개거래,목동남로2길,1314
11470,신월동,목동센트럴아이파크위브3단지,59.88,7,2020,2026,1,31,106500,,,중개거래,남부순환로83길,1077
11470,신정동,신트리1,49.95,11,1999,2026,1,31,78000,,,중개거래,신정로,1259
11470,신정동,이펜하우스4단지,84.86,2,2011,2026,1,31,78400,,,중개거래,신정이펜1로,1317
11470,신정동,목동우성2,84.96,12,2000,2026,1,28,120000,,,중개거래,목동남로4길,337
11470,목동,롯데캐슬위너,127.65,20,2005,2026,1,30,155000,,,중개거래,목동중앙북로,956
11470,신월동,수명산롯데캐슬,80.28,8,2008,2026,1,30,72500,,,중개거래,월정로,1036
11470,신정동,목동현대3차,84.77,10,1997,2026,1,30,175000,,,중개거래,목동동로12길,1279
11470,목동,목동성원(926-8),59.4,11,1997,2026,1,30,157000,,,중개거래,목동서로,926-8
11470,목동,목동청구한신아파트,84.77,1,1997,2026,1,30,199000,,,중개거래,목동서로2길,929
11470,목동,목동에버하임,24.91,3,2019,2026,1,30,24000,,,중개거래,목동중앙북로,966
11470,신정동,예지팰리스50차,81.88,5,2008,2026,1,29,75300,,,중개거래,목동로27길,895-3
11470,신정동,목동우성3,59.69,11,1999,2026,1,29,75000,,,중개거래,목동남로4길,338
11470,목동,우성,84.44,15,1992,2026,1,29,172500,,,중개거래,목동중앙로,200
11470,신정동,목동현대3차,84.77,13,1997,2026,1,29,176000,,,중개거래,목동동로12길,1279
11470,목동,부영그린타운1,147.95,22,1999,2026,1,15,186000,,,중개거래,목동동로,907-12
11470,신정동,목동신시가지12,56.76,3,1988,2026,1,29,185000,,,중개거래,목동동로,326
11470,신정동,신트리4,59.73,3,2000,2026,1,29,71000,,,중개거래,신정로,1277
11470,신정동,신트리1,49.8,10,1999,2026,1,26,75000,,,중개거래,신정로,1259
11470,목동,목동신시가지2,144,9,1986,2026,1,29,355000,,,중개거래,목동서로,902
11470,신정동,신트리1,59.73,7,1999,2026,1,26,89000,,,중개거래,신정로,1259
11470,신월동,목동센트럴아이파크위브1단지,84.97,3,2020,2026,1,29,128500,,,중개거래,남부순환로83길,1075
11470,목동,목동신시가지2,95.22,3,1986,2026,1,23,275000,,,중개거래,목동서로,902
11470,목동,트라팰리스웨스턴에비뉴,146.1,31,2009,2026,1,7,380000,,,중개거래,오목로,962
11470,신월동,목동센트럴아이파크위브2단지,59.68,4,2020,2026,1,24,102500,,,중개거래,남부순환로83길,1076
11470,신월동,태진,84.87,4,1998,2026,1,22,53500,,,중개거래,중앙로55길,467-3
11470,신정동,래미안목동아델리체(101동~118동),84.72,5,2021,2026,1,28,185000,,,중개거래,중앙로43길,1326
11470,목동,목동롯데캐슬마에스트로,84.9779,1,2019,2026,1,28,133000,,,중개거래,목동중앙북로8길,965
11470,신정동,세양청마루,84.98,14,2006,2026,1,28,130000,,,중개거래,목동남로2길,1306
11470,신정동,대성유니드1차,59.87,10,2004,2026,1,27,59400,,,중개거래,중앙로29길,1198-23
11470,신정동,수정,48.87,4,1987,2026,1,14,35500,,,중개거래,신정로13길,733-31
11470,신정동,목동우성3,59.69,3,1999,2026,1,27,70300,,,중개거래,목동남로4길,338
11470,목동,목동신시가지7,66.6,5,1986,2026,1,28,272500,,,중개거래,목동로,925
11470,목동,금호어울림,133.03,7,2004,2026,1,22,164000,,,중개거래,목동중앙서로,951
11470,목동,목동신시가지1,65.34,2,1985,2026,1,27,235000,,,중개거래,목동서로,901
11470,목동,목동신시가지1,65.34,12,1985,2026,1,27,238000,,,중개거래,목동서로,901
11470,목동,우성,84.63,8,1992,2026,1,27,172500,,,중개거래,목동중앙로,200
11470,신정동,호반써밋목동,59.9182,8,2022,2026,1,27,145000,,,중개거래,중앙로29길,1327
11470,신월동,상신,62.66,7,2003,2026,1,24,31000,,,중개거래,오목로3길,439-25
11470,목동,목동신시가지2,65.25,6,1986,2026,1,26,234000,,,중개거래,목동서로,902
11470,신정동,목동현대3차,114.93,19,1997,2026,1,23,196000,,,중개거래,목동동로12길,1279
11470,신정동,목동현대3차,71.16,2,1997,2026,1,23,146000,,,중개거래,목동동로12길,1279
11470,신정동,아이파크,84.88,12,2002,2026,1,23,217000,,,중개거래,목동동로,1296
11470,신정동,태영데시앙,84.96,5,2002,2026,1,26,79000,,,중개거래,신정로,1291
11470,신월동,목동센트럴아이파크위브1단지,84.97,4,2020,2026,1,26,125000,,,중개거래,남부순환로83길,1075
11470,신정동,신트리4,59.73,9,2000,2026,1,26,82500,,,중개거래,신정로,1277
11470,신정동,청구,84.99,9,1992,2026,1,26,130000,,,중개거래,신목로2길,336
11470,신정동,목동신시가지12,71.64,2,1988,2026,1,22,190000,,,직거래,목동동로,326
11470,신월동,대림타운,113.4,4,1997,2026,1,21,65300,,,중개거래,신월로10길,558-9
11470,신정동,대림e-편한세상,109.905,17,2004,2026,1,25,111000,,,중개거래,신정로13길,1303
11470,신정동,대림e-편한세상,84.985,2,2004,2026,1,25,90500,,,중개거래,신정로13길,1303
11470,신월동,목동센트럴아이파크위브2단지,52.85,5,2020,2026,1,24,91000,,,중개거래,남부순환로83길,1076
11470,목동,성원2,59.9,6,2000,2026,1,17,64000,,,중개거래,목동중앙남로,709-2
11470,신정동,목동삼성,114.93,19,1996,2026,1,24,170000,,,중개거래,신목로,1278
11470,목동,목동신시가지1,99.15,3,1985,2026,1,23,290000,,,중개거래,목동서로,901
11470,신월동,목동센트럴아이파크위브2단지,84.97,12,2020,2026,1,23,129500,,,중개거래,남부순환로83길,1076
11470,신월동,동원데자뷰,84.9755,3,2012,2026,1,23,74000,,,중개거래,화곡로3길,1060
11470,신월동,목동센트럴아이파크위브4단지,84.97,2,2020,2026,1,14,122500,,,중개거래,남부순환로83길,1078
11470,신정동,래미안목동아델리체(101동~118동),84.58,6,2021,2026,1,23,185000,,,중개거래,중앙로43길,1326
11470,신정동,파인빌,73.138,5,2001,2026,1,23,91000,,,중개거래,신목로12길,339
11470,신월동,동원데자뷰,84.9253,12,2012,2026,1,21,76300,,,중개거래,화곡로3길,1060
11470,신월동,수명산타워빌,79.81,6,2003,2026,1,20,52500,,,중개거래,월정로,8-2
11470,신정동,신트리4,59.73,2,2000,2026,1,22,73000,,,중개거래,신정로,1277
11470,신정동,신트리4,59.73,11,2000,2026,1,22,81000,,,중개거래,신정로,1277
11470,신월동,목동센트럴아이파크위브4단지,84.97,1,2020,2026,1,22,119000,,,중개거래,남부순환로83길,1078
11470,신정동,목동신시가지14,55.02,1,1987,2026,1,16,184000,,,중개거래,목동동로,329
11470,신정동,신트리1,59.73,12,1999,2026,1,5,87000,,,중개거래,신정로,1259
11470,신정동,신트리3,84.8,3,2000,2026,1,22,97800,,,중개거래,신정로,1276
11470,신월동,신안약수,87.17,8,1985,2026,1,16,74500,,,중개거래,중앙로29길,591-1
11470,목동,목동신시가지4,67.58,6,1986,2026,1,15,249500,,,중개거래,목동서로,904
11470,신정동,신트리4,59.73,1,2000,2026,1,15,69500,,,중개거래,신정로,1277
11470,신정동,쌍용,84.63,6,1992,2026,1,17,133000,,,중개거래,신목로,334
11470,목동,금호어울림,120.12,4,2004,2026,1,22,148000,,,중개거래,목동중앙서로,951
11470,신월동,동방,27.69,9,1999,2026,1,20,14800,,,중개거래,신월로,607-1
11470,신정동,목동우성2,84.96,8,2000,2026,1,19,115000,,,중개거래,목동남로4길,337
11470,목동,목동신시가지1,65.34,1,1985,2026,1,20,220000,,,중개거래,목동서로,901
11470,목동,목동신시가지4,47.25,12,1986,2026,1,21,160000,,,중개거래,목동서로,904
11470,신월동,동양브로미(102동)A,83.52,1,2004,2026,1,21,49000,,,중개거래,오목로15길,492-24
11470,신월동,양천벽산블루밍1단지,59.99,13,2006,2026,1,21,58800,,,중개거래,월정로9길,1026
11470,신월동,상진지오벨리,84.98,7,2009,2026,1,21,64000,,,중개거래,화곡로,1059
11470,신정동,푸른마을3,59.91,8,2001,2026,1,20,64000,,,중개거래,신정로11길,1283
11470,신정동,학마을1단지,49.98,15,2000,2026,1,20,59500,,,중개거래,신정로14길,1293
11470,신월동,목동센트럴아이파크위브1단지,84.98,5,2020,2026,1,20,126300,,,중개거래,남부순환로83길,1075
11470,신정동,대성유니드1차,59.87,5,2004,2026,1,20,58500,,,중개거래,중앙로29길,1198-23
11470,신정동,푸른마을3,59.91,7,2001,2026,1,17,60000,,,중개거래,신정로11길,1283
11470,신정동,유원목동,84.98,9,1990,2026,1,5,157000,,,중개거래,신목로,87-39
11470,목동,금호어울림,84.99,8,2004,2026,1,13,142000,,,중개거래,목동중앙서로,951
11470,목동,목동롯데캐슬마에스트로,84.9779,4,2019,2026,1,20,140000,,,중개거래,목동중앙북로8길,965
11470,목동,목동이-편한세상,134.77,3,2006,2026,1,19,190000,,,중개거래,목동중앙로7길,950
11470,신월동,길훈,42.57,2,1987,2026,1,20,28900,,,중개거래,지양로,341-1
11470,목동,목동성원,59.85,4,2000,2026,1,20,107200,,,중개거래,목동중앙로,763-1
11470,신월동,롯데캐슬(1057-0),70.91,4,2010,2026,1,20,77400,,,중개거래,오목로5길,1057
11470,목동,목동신시가지1,98.08,2,1985,2026,1,17,278000,,,중개거래,목동서로,901
11470,신월동,목동센트럴아이파크위브2단지,84.98,22,2020,2026,1,17,129500,,,중개거래,남부순환로83길,1076
11470,신월동,대신,71.28,6,2003,2026,1,19,34000,,,중개거래,오목로13길,481-9
11470,목동,목동신시가지1,51.48,15,1985,2026,1,19,127000,,,중개거래,목동서로,901
11470,목동,목동에버하임,41.06,5,2019,2026,1,10,43000,,,중개거래,목동중앙북로,966
11470,목동,목동신시가지2,65.25,5,1986,2026,1,6,236000,,,중개거래,목동서로,902
11470,신월동,목동센트럴아이파크위브3단지,52.85,18,2020,2026,1,18,92000,,,중개거래,남부순환로83길,1077
11470,목동,목동신시가지7,53.88,4,1986,2026,1,18,240000,,,중개거래,목동로,925
11470,신월동,목동센트럴아이파크위브2단지,59.88,14,2020,2026,1,18,111500,,,중개거래,남부순환로83길,1076
11470,신정동,래미안목동아델리체(119동~123동),59.82,10,2021,2026,1,17,140000,,,중개거래,중앙로43길,1326
11470,신정동,청구,84.99,10,1992,2026,1,17,133500,,,중개거래,신목로2길,336
11470,목동,목동롯데캐슬마에스트로,59.9846,1,2019,2026,1,17,117000,,,중개거래,목동중앙북로8길,965
11470,신정동,래미안목동아델리체(119동~123동),59.82,15,2021,2026,1,16,141000,,,중개거래,중앙로43길,1326
11470,신정동,목동삼성,114.93,18,1996,2026,1,16,173000,,,중개거래,신목로,1278
11470,신정동,푸른마을3,59.91,4,2001,2026,1,17,60000,,,중개거래,신정로11길,1283
11470,신정동,목동우성2,84.96,15,2000,2026,1,16,120000,,,중개거래,목동남로4길,337
11470,신월동,롯데캐슬(1057-0),84.94,10,2010,2026,1,16,87200,,,중개거래,오목로5길,1057
11470,신월동,목동센트럴아이파크위브1단지,84.97,4,2020,2026,1,16,126500,,,중개거래,남부순환로83길,1075
11470,신월동,목동센트럴아이파크위브1단지,84.98,15,2020,2026,1,16,129500,,,중개거래,남부순환로83길,1075
11470,신월동,서울가든,81,2,1985,2026,1,16,59000,,,중개거래,중앙로53길,475
11470,목동,목동신시가지2,95.4,12,1986,2026,1,8,275000,,,중개거래,목동서로,902
11470,목동,목동신시가지1,66,2,1985,2026,1,16,215000,,,중개거래,목동서로,901
11470,목동,월드메르디앙2,84.3,11,2003,2026,1,16,121000,,,중개거래,목동중앙본로1길,948
11470,신월동,태형,84.75,1,1998,2026,1,16,42000,,,직거래,곰달래로5길,134-17
11470,신정동,학마을1단지,49.98,6,2000,2026,1,5,53900,,,중개거래,신정로14길,1293
11470,목동,부영2,79.69,7,2000,2026,1,3,165000,,,중개거래,목동동로,908-28
11470,신월동,신도브래뉴2차,84.4,5,2004,2026,1,12,63000,,,중개거래,화곡로3길,1031
11470,목동,목동2차아이파크,84.85,8,2004,2026,1,9,150000,,,중개거래,목동중앙로,758-2
11470,신정동,동일하이빌1단지,84.955,9,2005,2026,1,15,100000,,,중개거래,신정로11길,1310
11470,신정동,경남아너스빌,84.98,1,2004,2026,1,14,144500,,,중개거래,목동동로10길,1307
11470,신월동,목동센트럴아이파크위브4단지,84.97,8,2020,2026,1,14,131000,,,중개거래,남부순환로83길,1078
11470,신월동,롯데캐슬(1057-0),59.88,2,2010,2026,1,14,71000,,,중개거래,오목로5길,1057
11470,목동,목동신시가지4,47.25,10,1986,2026,1,9,209000,,,중개거래,목동서로,904
11470,신월동,벽산블루밍2단지,59.822,10,2003,2026,1,14,72000,,,중개거래,신정로13길,1023
11470,목동,목동신시가지2,65.25,9,1986,2026,1,14,239500,,,중개거래,목동서로,902
11470,신월동,목동센트럴아이파크위브2단지,59.88,1,2020,2026,1,13,102500,,,중개거래,남부순환로83길,1076
11470,신정동,아이파크,84.88,1,2002,2026,1,13,207000,,,중개거래,목동동로,1296
11470,신정동,목동신시가지14,55.02,5,1987,2026,1,13,183000,,,중개거래,목동동로,329
11470,신월동,방주기픈샘2,84.99,2,2007,2026,1,12,60400,,,직거래,중앙로55길,1047
11470,신월동,롯데캐슬,84.966,13,2014,2026,1,13,117000,,,중개거래,중앙로29길,1063
11470,신정동,목동현대3차,84.77,14,1997,2026,1,8,175000,,,중개거래,목동동로12길,1279
11470,신정동,신트리4,59.73,9,2000,2026,1,12,75000,,,중개거래,신정로,1277
11470,신월동,목동센트럴아이파크위브4단지,84.97,4,2020,2026,1,10,127000,,,중개거래,남부순환로83길,1078
11470,목동,목동신시가지3,64.98,6,1986,2026,1,9,240500,,,중개거래,목동서로,903
11470,신정동,목동신시가지12,71.64,4,1988,2026,1,12,207000,,,중개거래,목동동로,326
11470,신월동,목동센트럴아이파크위브3단지,84.98,10,2020,2026,1,8,129000,,,중개거래,남부순환로83길,1077
11470,목동,목동신시가지3,95.74,1,1986,2026,1,12,279000,,,중개거래,목동서로,903
11470,신정동,신트리4,59.73,15,2000,2026,1,12,72500,,,중개거래,신정로,1277
11470,신정동,중앙하이츠,104.62,13,2010,2026,1,11,121000,,,중개거래,목동남로2길,1314
11470,목동,수산팰리스,84.81,6,2005,2026,1,11,68000,,,중개거래,목동중앙북로16길,541
11470,신정동,목동신시가지11,51.48,3,1988,2026,1,5,159500,,,중개거래,목동동로,325
11470,신월동,주함헤븐103동,73.88,5,2006,2026,1,12,41500,,,중개거래,남부순환로58길,203-14
11470,신정동,아이파크,84.74,11,2002,2026,1,12,235000,,,중개거래,목동동로,1296
11470,목동,롯데캐슬위너,59.98,8,2005,2026,1,7,115000,,,중개거래,목동중앙북로,956
11470,신정동,목동우성2,84.96,12,2000,2026,1,11,115000,,,중개거래,목동남로4길,337
11470,신정동,신트리4,48.96,9,2000,2026,1,11,61000,,,중개거래,신정로,1277
11470,신정동,삼백훼미리,78.84,2,2002,2026,1,10,47700,,,중개거래,오목로35길,918-1
11470,신정동,신트리3,84.8,6,2000,2026,1,10,102500,,,중개거래,신정로,1276
11470,목동,극동늘푸른,114.65,14,1998,2026,1,10,144000,,,중개거래,목동중앙본로,752-1
11470,목동,롯데캐슬위너,127.65,2,2005,2026,1,10,156000,,,중개거래,목동중앙북로,956
11470,신정동,신트리4,49.08,3,2000,2026,1,10,62000,,,중개거래,신정로,1277
11470,목동,목동에버하임,41.06,11,2019,2026,1,9,46000,,,중개거래,목동중앙북로,966
11470,신정동,학마을1단지,49.98,2,2000,2026,1,9,55700,,,중개거래,신정로14길,1293
11470,신월동,롯데캐슬(1057-0),59.88,5,2010,2026,1,10,69800,,,중개거래,오목로5길,1057
11470,신월동,롯데캐슬,116.375,16,2014,2026,1,9,127500,,,중개거래,중앙로29길,1063
11470,신월동,롯데캐슬,84.984,18,2014,2026,1,9,113000,,,중개거래,중앙로29길,1063
11470,목동,목동신시가지3,64.98,8,1986,2026,1,8,237000,,,중개거래,목동서로,903
11470,목동,목동신시가지7,59.39,2,1986,2026,1,9,239000,,,중개거래,목동로,925
11470,신월동,목동센트럴아이파크위브2단지,59.88,12,2020,2026,1,9,110000,,,중개거래,남부순환로83길,1076
11470,신월동,예지보금자리74차,55.69,2,2014,2026,1,6,31100,,,중개거래,오목로15길,480-4
11470,신월동,양천벽산블루밍1단지,84.77,10,2006,2026,1,9,74700,,,중개거래,월정로9길,1026
11470,목동,목동신시가지1,154.44,3,1985,2026,1,9,350000,,,중개거래,목동서로,901
11470,목동,우성,84.63,10,1992,2026,1,8,171000,,,중개거래,목동중앙로,200
11470,신월동,롯데캐슬,84.984,16,2014,2026,1,9,119900,,,중개거래,중앙로29길,1063
11470,신정동,목동신시가지14,74.19,1,1987,2026,1,8,203000,,,중개거래,목동동로,329
11470,목동,성원2,59.9,1,2000,2026,1,8,58000,,,중개거래,목동중앙남로,709-2
11470,신월동,롯데캐슬,84.984,13,2014,2026,1,8,110000,,,중개거래,중앙로29길,1063
11470,신정동,블레스빌,79.43,9,2002,2026,1,8,133000,,,중개거래,신목로12길,340
11470,신월동,스위트드림아파트,48.31,7,2020,2026,1,9,37000,,,중개거래,곰달래로11길,1074
11470,신정동,목동신시가지12,56.76,2,1988,2026,1,8,180000,,,중개거래,목동동로,326
11470,목동,목동두산위브,112.209,1,2005,2026,1,5,107500,,,중개거래,목동중앙본로,953
11470,신월동,리슈리안,52.74,7,2015,2026,1,8,50000,,,중개거래,중앙로,500-21
11470,신정동,목동신시가지10,70.2,11,1987,2026,1,8,237000,,,중개거래,목동서로,311
11470,목동,목동신시가지1,66,7,1985,2026,1,8,232500,,,중개거래,목동서로,901
11470,신정동,목동신시가지11,51.48,12,1988,2026,1,8,164000,,,중개거래,목동동로,325
11470,신정동,목동우성2,84.96,5,2000,2026,1,7,115000,,,중개거래,목동남로4길,337
11470,목동,정은스카이빌(959),68.18,7,2006,2026,1,7,70800,,,중개거래,목동중앙북로24길,959
11470,목동,월드메르디앙2,72.24,10,2003,2026,1,7,107500,,,중개거래,목동중앙본로1길,948
11470,목동,목동신시가지6,142.39,1,1986,2026,1,7,355000,,,중개거래,목동동로,911
11470,목동,목동청구한신아파트,84.76,14,1997,2026,1,7,208000,,,중개거래,목동서로2길,929
11470,목동,목동신시가지1,51.48,10,1985,2026,1,7,194000,,,중개거래,목동서로,901
11470,목동,목동신시가지1,66,1,1985,2026,1,7,227000,,,중개거래,목동서로,901
11470,목동,목동신시가지3,64.98,14,1986,2026,1,6,233000,,,중개거래,목동서로,903
11470,신정동,동문굿모닝탑,153.39,19,2003,2026,1,6,163000,,,중개거래,목동동로,324-10
11470,신월동,코아루2단지,84.95,5,2010,2026,1,6,58800,,,중개거래,남부순환로56길,1058
11470,신월동,삼익4차플라주,83.935,10,2008,2026,1,5,61300,,,중개거래,신월로,1056
11470,신정동,목동신시가지10,53.82,11,1987,2026,1,6,183000,,,중개거래,목동서로,311
11470,신월동,롯데캐슬,84.984,2,2014,2026,1,6,105000,,,중개거래,중앙로29길,1063
11470,신월동,목동센트럴아이파크위브4단지,84.97,18,2020,2026,1,5,126500,,,중개거래,남부순환로83길,1078
11470,목동,목동신시가지3,64.98,9,1986,2026,1,3,237000,,,중개거래,목동서로,903
11470,신정동,대림,84.89,7,1992,2026,1,5,138000,,,중개거래,신목로5길,333
11470,신정동,목동신시가지11,51.48,2,1988,2026,1,2,160000,,,중개거래,목동동로,325
11470,목동,성원2,77.17,5,2000,2026,1,3,82600,,,중개거래,목동중앙남로,709-2
11470,목동,목동신시가지4,48.69,14,1986,2026,1,5,196000,,,중개거래,목동서로,904
11470,신정동,경남아너스빌,96.17,17,2004,2026,1,3,172000,,,중개거래,목동동로10길,1307
11470,신정동,신트리4,48.96,8,2000,2026,1,3,63000,,,중개거래,신정로,1277
11470,목동,목동신시가지3,64.98,11,1986,2026,1,3,232000,,,중개거래,목동서로,903
11470,신정동,학마을1단지,49.99,11,2000,2026,1,2,54000,,,중개거래,신정로14길,1293
11470,신정동,신트리4,59.73,8,2000,2026,1,2,71500,,,중개거래,신정로,1277
11470,신정동,목동현대3차,71.16,4,1997,2026,1,2,150000,,,중개거래,목동동로12길,1279
11470,목동,건영,84.39,3,1994,2026,1,2,71500,,,중개거래,목동중앙본로22길,928
11470,신정동,신트리4,49.5,15,2000,2026,1,2,63000,,,중개거래,신정로,1277
11470,목동,성원2,114.57,13,2000,2026,1,2,98500,,,중개거래,목동중앙남로,709-2
11470,신정동,목동신시가지8,54.94,6,1987,2026,1,2,195000,,,중개거래,목동서로,314
11470,신월동,양천벽산블루밍1단지,84.77,8,2006,2026,1,1,74800,,,중개거래,월정로9길,1026
11470,신월동,양천벽산블루밍1단지,59.99,4,2006,2026,1,1,62800,,,중개거래,월정로9길,1026
11470,신정동,목동신시가지11,66.24,4,1988,2026,2,20,200000,,,중개거래,목동동로,325
11470,신정동,목동신시가지11,66.24,13,1988,2026,2,11,200000,,,중개거래,목동동로,325
11470,신월동,목동센트럴아이파크위브1단지,84.97,2,2020,2026,2,25,129000,,,중개거래,남부순환로83길,1075
11470,목동,하이페리온2,209.338,40,2006,2026,2,14,420000,,,중개거래,오목로,961
11470,신월동,신안파크,72.97,1,1987,2026,2,25,55500,,,중개거래,지양로15길,350-2
11470,목동,목동신시가지7,59.39,2,1986,2026,2,10,250000,,,중개거래,목동로,925
11470,목동,목동신시가지3,95.16,6,1986,2026,2,12,280000,,,중개거래,목동서로,903
11470,목동,수산팰리스,79.79,5,2005,2026,2,19,78000,,,중개거래,목동중앙북로16길,541
11470,신월동,수명산SKVIEW,127.89,4,2009,2026,2,28,96000,,,중개거래,월정로,1053
11470,신정동,학마을1단지,49.98,4,2000,2026,2,15,50000,,,직거래,신정로14길,1293
11470,신정동,목동우성3,84.73,10,1999,2026,2,27,92000,,,중개거래,목동남로4길,338
11470,신월동,삼종레이빌101동,77.25,2,2004,2026,2,25,41000,,,중개거래,오목로4길,519-12
11470,신월동,대성유니드,84.3,6,2004,2026,2,6,73000,,,중개거래,신월로15길,1033
11470,신정동,대림e-편한세상,84.985,8,2004,2026,2,28,97000,,,중개거래,신정로13길,1303
11470,신월동,보람쉬움1,69.91,12,2003,2026,2,26,58000,,,중개거래,남부순환로67길,416-1
11470,신월동,동방,75.42,10,1999,2026,2,28,50800,,,중개거래,신월로,607-1
11470,신월동,영남타운,42.39,6,1996,2026,2,19,20000,,,중개거래,남부순환로,547-7
11470,목동,목동길성그랑프리텔,65.3727,8,2003,2026,2,11,68000,,,중개거래,목동중앙본로7길,739-5
11470,목동,우당,131.76,4,1993,2026,2,6,149000,,,중개거래,국회대로,808-9
11470,목동,동구햇살아파트2차,61.91,7,2013,2026,2,11,57000,,,중개거래,목동중앙남로,715-3
11470,신월동,신월시영,50.67,2,1988,2026,2,27,70000,,,중개거래,신월로,987-1
11470,신정동,이펜하우스4단지,59.93,7,2011,2026,2,27,65000,,,중개거래,신정이펜1로,1317
11470,신정동,목동신시가지10,53.82,15,1987,2026,2,26,187500,,,중개거래,목동서로,311
11470,신정동,푸른마을2,49.16,1,2001,2026,2,26,55000,,,중개거래,신정로7길,1281
11470,신정동,이펜하우스3단지,84.86,1,2011,2026,2,27,78000,,,중개거래,신정이펜1로,1316
11470,신월동,벽산블루밍2단지,59.822,19,2003,2026,2,28,69000,,,중개거래,신정로13길,1023
11470,신월동,삼정그린뷰,84.14,13,2005,2026,2,28,70000,,,중개거래,오목로3길,1041
11470,신월동,서울,59.97,5,1993,2026,2,23,30000,,,중개거래,오목로,517-6
11470,신정동,푸른마을4,84.99,6,2002,2026,2,28,84500,,,중개거래,신정로7길,1285
11470,신월동,이형원앙,80.55,5,1994,2026,2,27,43900,,,중개거래,오목로,516-7
11470,신월동,코아루2단지,62.39,6,2010,2026,2,28,49700,,,중개거래,남부순환로56길,1058
11470,신월동,벽산블루밍1단지,59.9465,6,2003,2026,2,28,64500,,,중개거래,신정로13길,1022
11470,신정동,학마을1단지,49.99,7,2000,2026,2,27,58000,,,중개거래,신정로14길,1293
11470,신정동,푸른마을4,84.99,5,2002,2026,2,26,82000,,,중개거래,신정로7길,1285
11470,신정동,목동신시가지12,71.64,10,1988,2026,2,27,230000,,,중개거래,목동동로,326
11470,신정동,대림아크로빌,165.27,18,2003,2026,2,24,190000,,,중개거래,목동서로,324-7
11470,신월동,서울,59.97,1,1993,2026,2,27,31000,,,중개거래,오목로,517-6
11470,신정동,신트리4,48.96,4,2000,2026,2,27,64000,,,중개거래,신정로,1277
11470,신정동,주건드림빌,79.19,10,2004,2026,2,23,74000,,,중개거래,은행정로13길,1302
11470,신월동,목동센트럴아이파크위브4단지,52.85,8,2020,2026,2,26,97000,,,중개거래,남부순환로83길,1078
11470,신월동,동도센트리움,84.92,7,2007,2026,2,26,70000,,,중개거래,오목로17길,1052
11470,신월동,롯데캐슬(1057-0),70.91,4,2010,2026,2,26,78300,,,중개거래,오목로5길,1057
11470,신월동,목동센트럴아이파크위브4단지,59.68,16,2020,2026,2,26,125000,,,중개거래,남부순환로83길,1078
11470,신월동,양천벽산블루밍1단지,84.63,9,2006,2026,2,26,74000,,,중개거래,월정로9길,1026
11470,신정동,푸른마을2,49.16,4,2001,2026,2,20,55000,,,중개거래,신정로7길,1281
11470,신월동,신안약수,68,10,1985,2026,2,20,61000,,,중개거래,중앙로29길,591-1
11470,신정동,목동삼성,84.77,15,1996,2026,2,26,159500,,,중개거래,신목로,1278
11470,목동,엘리온,72.4629,4,2011,2026,2,26,74900,,,중개거래,목동중앙서로8길,803-2
11470,신정동,학마을1단지,49.99,9,2000,2026,2,26,57000,,,중개거래,신정로14길,1293
11470,신정동,목동신시가지14,71.37,9,1987,2026,2,12,167550,,,직거래,목동동로,329
11470,신정동,신트리4,48.96,5,2000,2026,2,26,64500,,,중개거래,신정로,1277
11470,신정동,학마을1단지,49.99,5,2000,2026,2,21,58000,,,중개거래,신정로14길,1293
11470,목동,목동롯데캐슬마에스트로,59.984,2,2019,2026,2,20,125000,,,중개거래,목동중앙북로8길,965
11470,목동,월드메르디앙2,84.3,1,2003,2026,2,25,105000,,,중개거래,목동중앙본로1길,948
11470,신월동,목동센트럴아이파크위브2단지,59.88,21,2020,2026,2,20,120000,,,중개거래,남부순환로83길,1076
11470,신월동,삼정그린뷰,84.14,12,2005,2026,2,24,65700,,,중개거래,오목로3길,1041
11470,목동,대원칸타빌2,144.36,11,2003,2026,2,25,170200,,,중개거래,목동중앙로,941
11470,목동,건영,84.27,1,1994,2026,2,23,70000,,,중개거래,목동중앙본로22길,928
11470,신정동,정은스카이빌2차,84.98,16,2004,2026,2,20,73000,,,중개거래,중앙로45길,1304
11470,신정동,이펜하우스4단지,84.51,7,2011,2026,2,25,80200,,,중개거래,신정이펜1로,1317
11470,목동,목동에버하임,41.06,6,2019,2026,2,22,44300,,,중개거래,목동중앙북로,966
11470,신월동,신월대림,114.3,10,2001,2026,2,10,92000,,,중개거래,오목로13길,491-1
11470,신월동,신성미소지움,84.57,5,2003,2026,2,25,69500,,,중개거래,오목로,1020
11470,목동,목동진흥,84.66,1,2004,2026,2,13,58500,,,중개거래,목동중앙북로16가길,539-6
11470,신월동,신월동금용,59.99,2,1998,2026,2,26,41000,,,중개거래,신월로17길,533-1
11470,목동,부영2,123.08,13,2000,2026,2,12,194800,,,중개거래,목동동로,908-28
11470,신월동,신월대림,84.99,16,2001,2026,2,24,70000,,,중개거래,오목로13길,491-1
11470,신정동,신트리4,59.73,2,2000,2026,2,23,80000,,,중개거래,신정로,1277
11470,신정동,태영데시앙,84.85,5,2002,2026,2,24,80000,,,중개거래,신정로,1291
11470,신정동,목동우성2,113.91,13,2000,2026,2,22,148000,,,중개거래,목동남로4길,337
11470,목동,롯데캐슬위너,59.98,15,2005,2026,2,23,128000,,,중개거래,목동중앙북로,956
11470,목동,목동가든스위트,144.16,12,1999,2026,2,13,180000,,,중개거래,목동서로,907-5
11470,목동,금강에스쁘아,82.615,15,2002,2026,2,23,114000,,,중개거래,목동중앙본로,753-1
11470,신정동,신트리1,59.73,8,1999,2026,2,23,95000,,,중개거래,신정로,1259
11470,목동,목동신시가지7,53.88,1,1986,2026,2,20,230000,,,중개거래,목동로,925
11470,신정동,목동우성2,113.91,17,2000,2026,2,12,132500,,,중개거래,목동남로4길,337
11470,신정동,신트리3,84.8,12,2000,2026,2,23,110000,,,중개거래,신정로,1276
11470,신정동,신트리4,59.73,3,2000,2026,2,20,80000,,,중개거래,신정로,1277
11470,목동,목동보미리즌빌,83.09,3,2006,2026,2,21,73000,,,중개거래,목동중앙본로7길,739-1
11470,신정동,학마을1단지,59.98,6,2000,2026,2,23,69700,,,중개거래,신정로14길,1293
11470,신정동,목동우성2,84.96,15,2000,2026,2,23,130900,,,중개거래,목동남로4길,337
11470,신정동,이펜하우스4단지,59.93,5,2011,2026,2,14,66000,,,중개거래,신정이펜1로,1317
11470,신정동,목동신시가지9,106.93,9,1987,2026,2,23,293000,,,중개거래,목동서로,312
11470,신정동,목동우성3,59.69,8,1999,2026,2,20,75500,,,중개거래,목동남로4길,338
11470,목동,금호아파트(768),59.67,9,1995,2026,2,23,80000,,,중개거래,목동중앙남로3길,768-5
11470,신월동,신성미소지움3차아파트,84.8,7,2007,2026,2,12,64000,,,중개거래,오목로,1045
11470,신정동,보람쉬움,84.924,14,2003,2026,2,21,84000,,,중개거래,오목로35길,921-11
11470,목동,성원2,114.57,6,2000,2026,2,12,94500,,,중개거래,목동중앙남로,709-2
11470,신정동,목동우성2,84.96,10,2000,2026,2,21,127000,,,중개거래,목동남로4길,337
11470,신정동,목동우성2,113.91,6,2000,2026,2,14,133000,,,중개거래,목동남로4길,337
11470,신정동,목동신시가지8,54.94,11,1987,2026,2,21,189000,,,중개거래,목동서로,314
11470,신정동,신트리3,84.25,11,2000,2026,2,21,109000,,,중개거래,신정로,1276
11470,신정동,신트리3,84.8,1,2000,2026,2,21,99500,,,중개거래,신정로,1276
11470,목동,목동신시가지7,53.88,8,1986,2026,2,21,216500,,,중개거래,목동로,925
11470,신정동,예지팰리스50차,81.88,7,2008,2026,2,21,67000,,,중개거래,목동로27길,895-3
11470,신정동,동일하이빌2단지,84.955,7,2005,2026,2,21,108000,,,중개거래,신정로11길,1311
11470,신월동,궁전,59.76,10,1999,2026,2,21,35000,,,중개거래,곰달래로5길,127-1
11470,신정동,신트리4,48.96,11,2000,2026,2,21,66000,,,중개거래,신정로,1277
11470,신정동,정은스카이빌2차,84.98,15,2004,2026,2,21,75000,,,중개거래,중앙로45길,1304
11470,신정동,목동신시가지11,66.24,4,1988,2026,2,21,202000,,,중개거래,목동동로,325
11470,목동,목동노블레스,81.26,2,2007,2026,2,21,110000,,,중개거래,목동중앙남로,945
11470,신정동,학마을1단지,49.99,3,2000,2026,2,21,59000,,,중개거래,신정로14길,1293
11470,신정동,신트리1,59.73,9,1999,2026,2,21,95000,,,중개거래,신정로,1259
11470,목동,금호어울림,120.12,8,2004,2026,2,12,153000,,,중개거래,목동중앙서로,951
11470,신정동,현대,84.84,9,1995,2026,2,13,141500,,,중개거래,신목로,1252
11470,신정동,대림e-편한세상,84.985,9,2004,2026,2,21,95000,,,중개거래,신정로13길,1303
11470,신정동,명지해드는터,84.97,11,2003,2026,2,21,163000,,,중개거래,신목로,1300
11470,목동,금호어울림,84.99,12,2004,2026,2,20,144000,,,중개거래,목동중앙서로,951
11470,목동,롯데캐슬위너,127.65,6,2005,2026,2,19,153500,,,중개거래,목동중앙북로,956
11470,신정동,푸른마을2,59.85,12,2001,2026,2,20,70000,,,중개거래,신정로7길,1281
11470,신정동,목동파크자이(101동~108동),94.04,1,2019,2026,2,20,189500,,,중개거래,목동남로4길,1325
11470,목동,목동청구한신아파트,84.76,11,1997,2026,2,20,207800,,,중개거래,목동서로2길,929
11470,신정동,신정6현대,84.6,7,2000,2026,2,11,88500,,,중개거래,신정로,743-2
11470,신정동,신트리4,49.5,7,2000,2026,2,20,72000,,,중개거래,신정로,1277
11470,신월동,신목동파라곤,74.6347,5,2024,2026,2,14,102000,,,중개거래,오목로,1085
11470,신정동,목동우성2,113.91,9,2000,2026,2,20,130000,,,중개거래,목동남로4길,337
11470,신월동,신월동방원,84.86,3,2004,2026,2,10,56000,,,중개거래,곰달래로2길,1032
11470,신월동,목동센트럴아이파크위브1단지,84.97,17,2020,2026,2,14,138500,,,중개거래,남부순환로83길,1075
11470,신정동,신트리4,48.96,5,2000,2026,2,20,63000,,,중개거래,신정로,1277
11470,목동,롯데캐슬위너,127.65,19,2005,2026,2,14,160000,,,중개거래,목동중앙북로,956
11470,신정동,목동우성2,84.96,4,2000,2026,2,21,125500,,,중개거래,목동남로4길,337
11470,목동,롯데캐슬위너,127.65,16,2005,2026,2,14,159000,,,중개거래,목동중앙북로,956
11470,신정동,목동신시가지14,71.37,6,1987,2026,2,19,228000,,,중개거래,목동동로,329
11470,목동,목동신시가지3,153.58,3,1986,2026,2,8,360000,,,중개거래,목동서로,903
11470,신정동,신트리4,59.73,15,2000,2026,2,19,77000,,,중개거래,신정로,1277
11470,신정동,목동우성2,113.91,4,2000,2026,2,7,120000,,,중개거래,목동남로4길,337
11470,신정동,대림아크로빌,113.1,20,2003,2026,2,6,147000,,,중개거래,목동서로,324-7
11470,목동,목동트윈빌,175.65,7,2000,2026,2,14,194500,,,중개거래,목동동로,905-22
11470,목동,건영,84.33,13,1994,2026,2,6,73700,,,중개거래,목동중앙본로22길,928
11470,신월동,양천벽산블루밍2단지,84.77,3,2006,2026,2,19,71500,,,중개거래,월정로9길,1027
11470,목동,삼익,114.54,11,1997,2026,2,19,199500,,,중개거래,목동동로12길,933
11470,신정동,대성유니드1차,59.87,12,2004,2026,2,19,58500,,,중개거래,중앙로29길,1198-23
11470,신정동,목동신시가지13,70.73,5,1987,2026,2,15,230000,,,중개거래,목동동로,327
11470,신정동,신트리1,49.14,14,1999,2026,2,14,77000,,,중개거래,신정로,1259
11470,신월동,은성마을승윤노블리안,84.5714,5,2013,2026,2,14,66500,,,중개거래,화곡로5길,1065
11470,목동,명지해드는터,84.82,3,2005,2026,2,14,98000,,,중개거래,목동중앙서로11길,957
11470,목동,트라팰리스이스턴에비뉴,146.1,12,2009,2026,2,6,335000,,,중개거래,오목로,962-1
11470,신정동,쌍용,84.63,13,1992,2026,2,13,135500,,,중개거래,신목로,334
11470,신월동,신정두산위브,84.22,20,2012,2026,2,12,105700,,,중개거래,신월로20길,1055
11470,목동,웨스트빌,81.785,2,2004,2026,2,13,80000,,,중개거래,목동중앙본로,949
11470,신월동,수명산그린시아,83.25,2,2014,2026,2,14,56800,,,중개거래,월정로,1070
11470,신정동,목동신시가지8,54.94,6,1987,2026,2,14,180000,,,중개거래,목동서로,314
11470,신월동,롯데캐슬,84.966,13,2014,2026,2,14,121500,,,중개거래,중앙로29길,1063
11470,목동,목동신시가지4,47.25,13,1986,2026,2,14,210000,,,중개거래,목동서로,904
11470,목동,월드메르디앙2,84.3,7,2003,2026,2,13,121500,,,중개거래,목동중앙본로1길,948
11470,신정동,목동신시가지13,70.73,10,1987,2026,2,13,230000,,,중개거래,목동동로,327
11470,신정동,학마을1단지,59.98,14,2000,2026,2,13,77500,,,중개거래,신정로14길,1293
11470,신정동,신트리1,49.95,12,1999,2026,2,13,86000,,,중개거래,신정로,1259
11470,목동,목동신시가지4,65.34,14,1986,2026,2,13,245000,,,중개거래,목동서로,904
11470,신정동,목동신시가지8,54.94,4,1987,2026,2,13,209500,,,중개거래,목동서로,314
11470,신정동,목동2삼성래미안,59.92,3,2001,2026,2,13,115000,,,중개거래,목동남로4길,1295
11470,신정동,신트리1,49.95,14,1999,2026,2,13,80000,,,중개거래,신정로,1259
11470,목동,목동신시가지4,48.69,11,1986,2026,2,11,199000,,,중개거래,목동서로,904
11470,목동,상진지오밸리가동,84.78,6,2006,2026,2,11,67500,,,중개거래,목동중앙본로5길,743-19
11470,목동,목동신시가지4,65.34,7,1986,2026,2,13,243000,,,중개거래,목동서로,904
11470,목동,목동금호베스트빌,125.37,3,2002,2026,2,12,129000,,,중개거래,목동중앙북로8길,549
11470,신정동,신트리3,84.8,10,2000,2026,2,13,112000,,,중개거래,신정로,1276
11470,목동,금호어울림,84.99,4,2004,2026,2,13,149000,,,중개거래,목동중앙서로,951
11470,목동,롯데캐슬위너,59.98,3,2005,2026,2,10,120000,,,중개거래,목동중앙북로,956
11470,신정동,래미안목동아델리체(101동~118동),84.72,19,2021,2026,2,12,190000,,,중개거래,중앙로43길,1326
11470,신정동,신정6현대,59.4,12,2000,2026,2,12,69300,,,중개거래,신정로,743-2
11470,목동,목동신시가지4,47.25,2,1986,2026,2,12,198000,,,중개거래,목동서로,904
11470,목동,목동신시가지1,98.08,5,1985,2026,2,12,298000,,,중개거래,목동서로,901
11470,신월동,신정두산위브,84.22,19,2012,2026,2,12,108000,,,중개거래,신월로20길,1055
11470,신정동,목동우성2,84.96,2,2000,2026,2,11,119000,,,중개거래,목동남로4길,337
11470,신월동,목동센트럴아이파크위브2단지,84.97,20,2020,2026,2,12,130000,,,중개거래,남부순환로83길,1076
11470,신정동,정은스카이빌2차,59.98,2,2004,2026,2,6,55000,,,중개거래,중앙로45길,1304
11470,신월동,목동센트럴아이파크위브2단지,59.88,18,2020,2026,2,12,122000,,,중개거래,남부순환로83길,1076
11470,신월동,목동센트럴아이파크위브2단지,59.88,19,2020,2026,2,12,120000,,,중개거래,남부순환로83길,1076
11470,신정동,신일해피트리,69.66,2,2004,2026,2,12,53500,,,중개거래,중앙로29길,1219-1
11470,신정동,제일에비앙101동,82.32,6,2004,2026,2,10,81000,,,중개거래,목동로21길,990-16
11470,목동,목동신시가지3,64.98,12,1986,2026,2,11,242000,,,중개거래,목동서로,903
11470,신정동,푸른마을2,59.91,1,2001,2026,2,12,59990,,,중개거래,신정로7길,1281
11470,신정동,신트리3,84.8,4,2000,2026,2,11,105000,,,중개거래,신정로,1276
11470,신정동,목동우성3,84.73,4,1999,2026,2,12,87000,,,중개거래,목동남로4길,338
11470,목동,목동신시가지3,64.98,3,1986,2026,2,11,240000,,,중개거래,목동서로,903
11470,신월동,목동센트럴아이파크위브3단지,59.88,12,2020,2026,2,11,121000,,,중개거래,남부순환로83길,1077
11470,목동,목동신시가지7,53.88,14,1986,2026,2,11,240000,,,중개거래,목동로,925
11470,신정동,목동우성2,84.96,12,2000,2026,2,11,128000,,,중개거래,목동남로4길,337
11470,신정동,신트리1,49.95,6,1999,2026,2,11,85000,,,중개거래,신정로,1259
11470,신월동,리슈리안,52.74,9,2015,2026,2,11,50500,,,중개거래,중앙로,500-21
11470,목동,금호어울림,133.03,9,2004,2026,2,10,164350,,,중개거래,목동중앙서로,951
11470,신정동,목동신시가지9,71.37,9,1987,2026,2,10,235000,,,중개거래,목동서로,312
11470,신월동,대성유니드,84.3,10,2004,2026,2,6,74000,,,중개거래,신월로15길,1033
11470,신정동,목동신시가지13,122.3,13,1987,2026,2,10,307500,,,중개거래,목동동로,327
11470,목동,스카이빌아파트,84.51,5,2002,2026,2,10,109500,,,중개거래,목동중앙로,772-11
11470,목동,부영3,140.52,13,2000,2026,2,10,243000,,,중개거래,목동동로,908-34
11470,신정동,목동신시가지11,51.48,11,1988,2026,2,9,175000,,,중개거래,목동동로,325
11470,신월동,해주,59.59,7,2001,2026,2,10,40000,,,중개거래,곰달래로2길,217-8
11470,신정동,목동신시가지11,66.24,1,1988,2026,2,4,195700,,,중개거래,목동동로,325
11470,신정동,대림e-편한세상,109.905,12,2004,2026,2,9,104500,,,중개거래,신정로13길,1303
11470,목동,현대파크빌(907-23),148.72,8,2003,2026,2,7,179000,,,중개거래,목동동로,907-23
11470,목동,목동신시가지3,95.03,4,1986,2026,2,11,278000,,,중개거래,목동서로,903
11470,신정동,목동신시가지10,53.82,8,1987,2026,2,8,190000,,,중개거래,목동서로,311
11470,신월동,대방샤인힐,59.648,13,2003,2026,2,9,50500,,,중개거래,신월로9길,1017
11470,신정동,목동신시가지14,71.4,17,1987,2026,2,9,224000,,,중개거래,목동동로,329
11470,목동,스카이빌아파트,84.51,10,2002,2026,2,7,107000,,,중개거래,목동중앙로,772-11
11470,목동,금호어울림,84.99,5,2004,2026,2,9,150000,,,중개거래,목동중앙서로,951
11470,신정동,목동신시가지14,71.4,16,1987,2026,2,5,219000,,,중개거래,목동동로,329
11470,목동,목동에버하임,41.06,4,2019,2026,2,9,43000,,,중개거래,목동중앙북로,966
11470,신정동,목동우성2,84.96,13,2000,2026,2,8,119500,,,중개거래,목동남로4길,337
11470,신월동,목동센트럴아이파크위브2단지,84.97,8,2020,2026,2,8,119800,,,중개거래,남부순환로83길,1076
11470,신월동,한우리아파트,53.91,7,2005,2026,2,7,42000,,,중개거래,중앙로55길,467-2
11470,목동,목동신시가지3,116.12,3,1986,2026,2,8,330000,,,중개거래,목동서로,903
11470,목동,목동청구한신아파트,84.76,12,1997,2026,2,7,212000,,,중개거래,목동서로2길,929
11470,신정동,학마을1단지,49.99,1,2000,2026,2,7,53500,,,중개거래,신정로14길,1293
11470,신정동,목동우성2,84.96,4,2000,2026,2,7,124000,,,중개거래,목동남로4길,337
11470,신월동,롯데캐슬(1057-0),59.88,1,2010,2026,2,7,68000,,,중개거래,오목로5길,1057
11470,신정동,대성유니드1차,59.87,13,2004,2026,2,7,57000,,,중개거래,중앙로29길,1198-23
11470,신정동,동일하이빌2단지,84.955,11,2005,2026,2,7,110000,,,중개거래,신정로11길,1311
11470,신정동,목동신시가지10,53.82,1,1987,2026,2,7,187000,,,중개거래,목동서로,311
11470,목동,롯데캐슬위너,59.98,3,2005,2026,2,7,117800,,,중개거래,목동중앙북로,956
11470,신월동,해태,84.93,11,1999,2026,2,7,59500,,,중개거래,월정로,514-3
11470,신월동,신정두산위브,84.22,20,2012,2026,2,6,106500,,,중개거래,신월로20길,1055
11470,신월동,목동센트럴아이파크위브2단지,59.68,6,2020,2026,2,6,116000,,,중개거래,남부순환로83길,1076
11470,목동,웨스트빌(102동),81.216,3,2005,2026,2,5,79000,,,중개거래,목동중앙본로,954
11470,목동,우성,84.44,7,1992,2026,2,6,173000,,,중개거래,목동중앙로,200
11470,신정동,목동현대3차,101.91,10,1997,2026,2,6,193000,,,중개거래,목동동로12길,1279
11470,목동,목동신시가지7,66.6,11,1986,2026,2,6,277000,,,중개거래,목동로,925
11470,신정동,대림아크로빌,113.1,19,2003,2026,2,1,147000,,,중개거래,목동서로,324-7
11470,목동,대원칸타빌2,83.72,11,2003,2026,2,6,155000,,,중개거래,목동중앙로,941
11470,목동,목동청구한신아파트,84.77,1,1997,2026,2,6,207500,,,중개거래,목동서로2길,929
11470,신정동,목동신시가지14,71.37,1,1987,2026,2,6,220000,,,중개거래,목동동로,329
11470,신월동,목동센트럴아이파크위브2단지,84.98,5,2020,2026,2,5,127000,,,중개거래,남부순환로83길,1076
11470,신월동,대성유니드,84.3,2,2004,2026,2,5,71800,,,중개거래,신월로15길,1033
11470,신정동,신트리4,48.96,4,2000,2026,2,5,68000,,,중개거래,신정로,1277
11470,신정동,푸른마을2,49.16,4,2001,2026,2,4,53500,,,중개거래,신정로7길,1281
11470,목동,목동성원초원,59.9,9,1999,2026,2,3,82800,,,중개거래,목동중앙본로,751-4
11470,신정동,목동현대3차,84.77,8,1997,2026,2,5,180000,,,중개거래,목동동로12길,1279
11470,신월동,신월2차보람쉬움,82.52,2,2005,2026,2,5,65000,,,중개거래,오목로1길,1039
11470,목동,현대파크빌(907-23),149.92,20,2003,2026,2,4,140000,,,직거래,목동동로,907-23
11470,신정동,이펜하우스3단지,59.93,15,2011,2026,2,4,68000,,,중개거래,신정이펜1로,1316
11470,목동,목동신시가지4,95.67,2,1986,2026,2,4,300000,,,중개거래,목동서로,904
11470,목동,목동신시가지3,64.98,13,1986,2026,2,4,249500,,,중개거래,목동서로,903
11470,목동,목동금호베스트빌,96.83,1,2002,2026,2,3,94500,,,중개거래,목동중앙북로8길,549
11470,신정동,신트리1,59.73,10,1999,2026,2,3,90000,,,중개거래,신정로,1259
11470,신정동,신트리4,59.73,12,2000,2026,2,3,80000,,,중개거래,신정로,1277
11470,목동,목동롯데캐슬마에스트로,59.9846,6,2019,2026,2,3,128000,,,중개거래,목동중앙북로8길,965
11470,신정동,목동삼성,84.77,2,1996,2026,2,3,149500,,,중개거래,신목로,1278
11470,신정동,이펜하우스2단지,84.51,7,2011,2026,2,1,78000,,,중개거래,신정이펜2로,1322
11470,목동,목동신시가지1,66,2,1985,2026,2,2,226000,,,중개거래,목동서로,901
11470,신정동,이펜하우스3단지,84.51,8,2011,2026,2,5,80000,,,중개거래,신정이펜1로,1316
11470,신월동,장수마을,84.09,11,2008,2026,2,2,64500,,,중개거래,오목로10길,1037
11470,목동,목동롯데캐슬마에스트로,59.9846,7,2019,2026,2,1,126500,,,중개거래,목동중앙북로8길,965
11470,신정동,목동신시가지8,54.94,13,1987,2026,3,20,180000,,,중개거래,목동서로,314
11470,신월동,신도브래뉴2차,74.23,7,2004,2026,3,13,62200,,,중개거래,화곡로3길,1031
11470,목동,삼익,114.54,9,1997,2026,3,18,175000,,,직거래,목동동로12길,933
11470,신월동,스위트드림아파트,48.31,6,2020,2026,3,16,40000,,,중개거래,곰달래로11길,1074
11470,신월동,롯데캐슬,129.368,8,2014,2026,3,18,140000,,,중개거래,중앙로29길,1063
11470,신정동,목동신시가지8,54.94,5,1987,2026,3,18,184000,,,중개거래,목동서로,314
11470,신정동,목동삼성,84.77,5,1996,2026,3,9,158500,,,중개거래,신목로,1278
11470,신정동,목동신시가지9,156.84,4,1987,2026,3,4,349000,,,중개거래,목동서로,312
11470,신정동,이펜하우스3단지,114.98,7,2011,2026,3,13,98000,,,중개거래,신정이펜1로,1316
11470,신월동,청송그린힐,69.26,4,2003,2026,3,13,38000,,,중개거래,신월로,981-4
11470,목동,목동길성그랑프리텔,65.3727,2,2003,2026,3,13,61000,,,중개거래,목동중앙본로7길,739-5
11470,목동,대원칸타빌,84.97,3,2001,2026,3,14,153500,,,중개거래,목동로,808-5
11470,신정동,목동신시가지8,71.77,12,1987,2026,3,9,197000,,,중개거래,목동서로,314
11470,신월동,수명산SKVIEW,84.94,2,2009,2026,3,14,75000,,,중개거래,월정로,1053
11470,신월동,신월시영,50.67,6,1988,2026,3,3,70000,,,중개거래,신월로,987-1
11470,신정동,수정,48.6,1,1987,2026,3,6,40000,,,직거래,신정로13길,733-31
11470,신월동,벽산블루밍1단지,59.9465,13,2003,2026,3,13,68000,,,중개거래,신정로13길,1022
11470,신월동,서울,66.42,2,1993,2026,3,13,37500,,,중개거래,오목로,517-6
11470,신정동,동일하이빌2단지,84.955,20,2005,2026,3,6,114500,,,중개거래,신정로11길,1311
11470,신월동,신월2차미소지움,83.32,6,2005,2026,3,4,71000,,,중개거래,오목로10길,1040
11470,신정동,목동우성2,84.96,1,2000,2026,3,11,119000,,,중개거래,목동남로4길,337
11470,목동,두란,68.86,4,1996,2026,3,12,44300,,,중개거래,목동중앙남로3가길,714-1
11470,목동,목동신시가지4,48.69,2,1986,2026,3,12,200000,,,중개거래,목동서로,904
11470,목동,웨스트빌(102동),81.216,10,2005,2026,3,12,88500,,,중개거래,목동중앙본로,954
11470,목동,삼성(528-7),76,2,2002,2026,3,11,54000,,,중개거래,목동중앙본로30가길,528-7
11470,신월동,양천벽산블루밍1단지,84.77,7,2006,2026,3,10,76000,,,중개거래,월정로9길,1026
11470,신정동,래미안목동아델리체(101동~118동),84.72,12,2021,2026,3,11,186000,,,중개거래,중앙로43길,1326
11470,신월동,상아아름,67.74,9,2005,2026,3,10,46300,,,중개거래,월정로,447-3
11470,신정동,목동현대3차,71.16,11,1997,2026,3,9,149000,,,중개거래,목동동로12길,1279
11470,신월동,목동센트럴아이파크위브2단지,52.96,5,2020,2026,3,11,94500,,,중개거래,남부순환로83길,1076
11470,목동,웨스트빌,59.268,3,2004,2026,3,9,62000,,,중개거래,목동중앙본로,949
11470,신월동,신안약수,68,3,1985,2026,3,11,70000,,,중개거래,중앙로29길,591-1
11470,신월동,양천벽산블루밍1단지,76.53,12,2006,2026,3,10,73000,,,중개거래,월정로9길,1026
11470,신월동,삼동,84.15,7,1997,2026,3,10,45000,,,중개거래,월정로31길,109-1
11470,신정동,목동신시가지8,54.94,2,1987,2026,3,11,175000,,,중개거래,목동서로,314
11470,목동,삼익,58.76,6,1997,2026,3,10,105000,,,중개거래,목동동로12길,933
11470,신정동,신트리1,49.8,2,1999,2026,3,10,84000,,,중개거래,신정로,1259
11470,신월동,신월대림,59.73,13,2001,2026,3,10,57000,,,중개거래,오목로13길,491-1
11470,신정동,신트리4,59.73,2,2000,2026,3,7,83000,,,중개거래,신정로,1277
11470,신월동,탑건진선미,83.41,4,2004,2026,3,9,40000,,,직거래,화곡로4길,1025
11470,신정동,신정현대5,102.79,9,1999,2026,3,9,127500,,,중개거래,신정로,1273
11470,신정동,신트리3,84.8,3,2000,2026,3,9,110000,,,중개거래,신정로,1276
11470,신정동,신트리3,84.25,4,2000,2026,3,5,109000,,,중개거래,신정로,1276
11470,신정동,목동신시가지13,70.73,4,1987,2026,3,6,228000,,,중개거래,목동동로,327
11470,신정동,동일하이빌2단지,115.321,23,2005,2026,3,7,134000,,,중개거래,신정로11길,1311
11470,신월동,금하뜨라네,84.93,6,2016,2026,3,9,50000,,,중개거래,가로공원로56길,142-14
11470,목동,목동신시가지3,145.13,2,1986,2026,3,5,365000,,,중개거래,목동서로,903
11470,신월동,해태,84.93,16,1999,2026,3,7,59800,,,중개거래,월정로,514-3
11470,신월동,양천벽산블루밍2단지,84.77,3,2006,2026,3,7,69000,,,중개거래,월정로9길,1027
11470,신월동,양천벽산블루밍2단지,59.98,10,2006,2026,3,8,63000,,,중개거래,월정로9길,1027
11470,신정동,이펜하우스3단지,59.93,6,2011,2026,3,3,70000,,,중개거래,신정이펜1로,1316
11470,신월동,신정두산위브,75.63,7,2012,2026,3,7,106000,,,중개거래,신월로20길,1055
11470,목동,롯데캐슬위너,135.85,1,2005,2026,3,6,160000,,,중개거래,목동중앙북로,956
11470,신월동,롯데캐슬,59.747,1,2014,2026,3,7,98500,,,중개거래,중앙로29길,1063
11470,신월동,수명산롯데캐슬,84.96,11,2008,2026,3,6,79900,,,중개거래,월정로,1036
11470,신정동,목동삼성쉐르빌Ⅱ,164.98,8,2004,2026,3,5,224000,,,중개거래,목동동로,318-12
11470,신월동,나이아가라,84.91,14,1999,2026,3,5,63500,,,중개거래,오목로,507-3
11470,신월동,신월2차미소지움,83.47,12,2005,2026,3,3,72000,,,중개거래,오목로10길,1040
11470,신정동,학마을1단지,49.99,7,2000,2026,3,4,57500,,,중개거래,신정로14길,1293
11470,신월동,대방샤인힐,59.648,6,2003,2026,3,3,53000,,,중개거래,신월로9길,1017
11470,신월동,벽산블루밍2단지,59.822,7,2003,2026,3,2,68500,,,중개거래,신정로13길,1023
11470,목동,목동신시가지7,74.12,4,1986,2026,3,3,282000,,,중개거래,목동로,925
11470,목동,금호1,59.88,16,1997,2026,3,3,165000,,,중개거래,목동동로,934
11470,신정동,동일하이빌2단지,84.955,4,2005,2026,3,3,115000,,,중개거래,신정로11길,1311
11470,신월동,대방샤인힐,59.648,12,2003,2026,3,2,50500,,,중개거래,신월로9길,1017
11470,신월동,신안약수,87.17,8,1985,2026,3,2,77000,,,중개거래,중앙로29길,591-1
11470,목동,극동늘푸른,59.91,7,1998,2026,3,1,87000,,,중개거래,목동중앙본로,752-1
