시군구코드,법정동,단지명,전용면적,층,건축년도,계약년도,계약월,계약일,보증금액,월세금액,계약구분,계약기간,종전보증금,종전월세,지번
11470,신정동,쌍용,84.63,13,1992,2026,1,19,73000,0,,,,,334
11470,목동,목동신시가지3,95.16,8,1986,2026,1,30,97000,0,,,,,903
11470,신정동,목동신시가지13,98.63,12,1987,2026,1,7,87000,0,,,,,327
11470,신정동,목동신시가지8,105.35,1,1987,2026,1,14,94000,0,,,,,314
11470,신정동,호반써밋목동,59.9182,8,2022,2026,1,3,66000,0,,,,,1327
11470,목동,목동신시가지7,53.88,15,1986,2026,1,17,39370,0,,,,,925
11470,목동,목동신시가지4,48.69,15,1986,2026,1,17,44500,0,,,,,904
11470,신정동,목동신시가지14,55.02,12,1987,2026,1,23,40400,0,,,,,329
11470,신정동,푸른마을2,49.16,12,2001,2026,1,20,32000,0,,,,,1281
11470,신정동,아이파크,84.88,5,2002,2026,1,16,110000,0,,,,,1296
11470,신정동,쌍용,84.63,13,1992,2026,1,19,73000,0,,,,,334
11470,신정동,목동신시가지12,71.64,10,1988,2026,1,12,50000,0,,,,,326
11470,목동,목동신시가지7,66.6,12,1986,2026,1,19,70000,0,,,,,925
11470,신월동,목동센트럴아이파크위브3단지,52.85,5,2020,2026,1,19,44500,0,,,,,1077
11470,신정동,목동신시가지11,66.24,3,1988,2026,1,17,35230,0,,,,,325
11470,신정동,신트리1,59.73,4,1999,2026,1,17,36000,0,,,,,1259
11470,신정동,목동신시가지13,99.26,4,1987,2026,1,17,66000,0,,,,,327
11470,목동,목동신시가지2,152.64,3,1986,2026,1,5,100000,0,,,,,902
11470,신정동,목동현대3차,71.16,19,1997,2026,1,5,64000,0,,,,,1279
11470,신정동,신트리4,48.96,10,2000,2026,1,3,31500,0,,,,,1277
11470,신정동,삼성,65.25,2,2000,2026,1,15,35000,0,신규,26.02~28.02,,,894-20
11470,신정동,푸른마을2,49.16,12,2001,2026,1,20,32000,0,신규,26.03~28.03,,,1281
11470,신월동,신목동파라곤,74.6347,7,2024,2026,1,15,60000,0,신규,26.03~28.03,,,1085
11470,신월동,양천벽산블루밍1단지,76.53,10,2006,2026,1,25,46200,0,갱신,26.03~28.03,44000,,1026
11470,목동,성원2,79.21,4,2000,2026,1,24,49000,0,신규,26.03~28.03,,,709-2
11470,신월동,목동센트럴아이파크위브2단지,59.68,12,2020,2026,1,21,57000,0,신규,26.03~28.03,,,1076
11470,신정동,목동신시가지14,71.4,4,1987,2026,1,2,49000,0,갱신,26.03~28.03,41000,,329
11470,신정동,목동우성2,113.91,17,2000,2026,1,27,55000,0,신규,26.03~28.03,,,337
11470,목동,삼익,58.76,12,1997,2026,1,23,57000,0,신규,26.03~28.03,,,933
11470,목동,목동신시가지2,95.76,1,1986,2026,1,14,89250,0,갱신,26.02~28.02,85000,,902
11470,목동,목동신시가지3,64.98,12,1986,2026,1,31,31500,0,갱신,26.02~28.02,30000,,903
11470,목동,목동청구한신아파트,84.76,15,1997,2026,1,27,90000,0,신규,26.03~28.03,,,929
11470,신정동,목동신시가지14,55.02,5,1987,2026,1,17,38890,0,갱신,26.05~28.07,37040,,329
11470,신월동,신월시영,50.67,11,1988,2026,1,16,23000,0,신규,26.03~28.03,,,987-1
11470,신정동,대성유니드2차,59.95,11,2004,2026,1,21,25100,0,갱신,26.03~28.03,25100,,1198-3
11470,목동,스카이빌아파트,84.51,4,2002,2026,1,28,64000,0,갱신,26.01~28.01,62000,,772-11
11470,신월동,대신,83.16,2,2003,2026,1,29,30000,0,신규,26.04~28.04,,,481-9
11470,목동,목동신시가지2,95.76,2,1986,2026,1,31,95000,0,갱신,26.02~28.02,80000,,902
11470,신정동,목동신시가지14,83.89,16,1987,2026,1,17,66000,0,갱신,26.02~28.02,59000,,329
11470,목동,부영3,198.2,11,2000,2026,1,15,138000,0,갱신,26.03~28.09,130250,,908-34
11470,목동,대원칸타빌2,83.72,14,2003,2026,1,30,77000,0,신규,26.02~28.02,,,941
11470,신정동,청구,84.99,9,1992,2026,1,29,70000,0,신규,26.04~28.04,,,336
11470,신정동,경남아너스빌,84.73,6,2004,2026,1,31,88000,0,신규,26.03~28.03,,,1307
11470,신월동,신월6차보람,59.232,8,2005,2026,1,28,36750,0,신규,26.04~28.04,,,125
11470,목동,목동성원(926-8),59.4,2,1997,2026,1,17,75000,0,갱신,26.03~28.03,60000,,926-8
11470,신월동,코아루1단지,84.95,9,2009,2026,1,24,34000,0,신규,26.02~28.02,,,197-2
11470,목동,목동2차아이파크,84.85,12,2004,2026,1,31,65400,0,갱신,26.03~28.03,62300,,758-2
11470,목동,목동신시가지7,66.6,8,1986,2026,1,24,63000,0,갱신,26.03~28.03,63000,,925
11470,신월동,세아쎄닛빌,66.9,10,2002,2026,1,29,30000,0,신규,26.05~28.05,,,547-5
11470,목동,목동신시가지6,47.94,3,1986,2026,1,31,41000,0,신규,26.02~28.02,,,911
11470,목동,목동신시가지7,53.88,11,1986,2026,1,31,40000,0,갱신,26.01~28.01,35700,,925
11470,신월동,목동센트럴아이파크위브1단지,59.68,5,2020,2026,1,17,52500,0,갱신,26.01~28.01,50000,,1075
11470,신정동,이펜하우스3단지,114.98,10,2011,2026,1,30,63000,0,신규,26.02~28.02,,,1316
11470,목동,목동신시가지3,122.35,4,1986,2026,1,31,100000,0,갱신,26.02~28.02,100000,,903
11470,신정동,목동신시가지12,71.64,2,1988,2026,1,13,51500,0,갱신,26.02~28.02,45670,,326
11470,신정동,목동신시가지10,124.51,3,1987,2026,1,24,91000,0,갱신,26.03~28.03,87000,,311
11470,목동,애드웰(774-10),73.41,6,2004,2026,1,28,38100,0,갱신,26.02~28.02,36300,,774-10
11470,신월동,신목동파라곤,59.9208,10,2024,2026,1,31,52000,0,신규,26.03~28.03,,,1085
11470,신월동,신목동파라곤,59.9208,10,2024,2026,1,31,52000,0,신규,26.03~28.03,,,1085
11470,목동,목동대림,84.82,12,1994,2026,1,31,77700,0,갱신,26.02~28.02,74000,,405
11470,신정동,목동신시가지13,53.9,13,1987,2026,1,7,46000,0,신규,26.02~28.02,,,327
11470,목동,목동신시가지2,97.92,9,1986,2026,1,14,95000,0,신규,26.02~28.03,,,902
11470,목동,롯데캐슬위너,84.98,1,2005,2026,1,23,75000,0,갱신,26.02~28.02,72000,,956
11470,신정동,목동신시가지11,66.24,1,1988,2026,1,25,40000,0,갱신,26.01~26.03,40000,,325
11470,목동,목동신시가지7,101.2,11,1986,2026,1,21,110000,0,갱신,26.02~28.02,105000,20,925
11470,신정동,목동신시가지10,105.58,2,1987,2026,1,31,80000,0,신규,26.02~27.02,,,311
11470,신정동,목동힐스테이트,84.98,8,2016,2026,1,6,97600,0,신규,26.03~28.03,,,1323
11470,목동,목동금호베스트빌,96.83,1,2002,2026,1,27,55000,0,신규,26.04~28.04,,,549
11470,목동,목동신시가지6,47.94,17,1986,2026,1,19,34650,0,갱신,26.01~28.01,33000,,911
11470,신정동,신이모닝빌,84.96,2,2004,2026,1,19,35000,0,신규,26.03~28.03,,,982-1
11470,신정동,목동현대3차,84.77,17,1997,2026,1,16,71400,0,갱신,26.02~28.02,68000,,1279
11470,신정동,경남아너스빌,103.45,1,2004,2026,1,23,78000,0,신규,26.02~28.02,,,1307
11470,목동,현대,57.84,9,1996,2026,1,31,70000,0,신규,26.03~28.03,,,930
11470,신정동,아이파크,84.74,2,2002,2026,1,17,90000,0,갱신,26.03~28.03,78000,40,1296
11470,신정동,목동신시가지14,108.28,12,1987,2026,1,31,71400,0,갱신,26.02~28.02,68000,,329
11470,신정동,삼성쉐르빌,163.57,12,2003,2026,1,8,125000,0,갱신,26.02~28.02,120000,,318-10
11470,신정동,호반써밋목동,59.9488,5,2022,2026,1,23,66000,0,신규,26.04~28.04,,,1327
11470,신정동,목동신시가지9,71.37,9,1987,2026,1,31,55100,0,갱신,26.02~28.02,52500,,312
11470,신정동,목동현대3차,84.77,4,1997,2026,1,26,70000,0,갱신,26.02~28.01,67000,,1279
11470,신정동,목동힐스테이트,84.88,16,2016,2026,1,30,98000,0,신규,26.02~28.02,,,1323
11470,목동,목동신시가지7,59.39,4,1986,2026,1,21,43800,0,신규,26.02~28.02,,,925
11470,신정동,목동신시가지8,54.94,10,1987,2026,1,13,44100,0,갱신,26.03~28.03,42000,,314
11470,신정동,목동신시가지10,53.82,11,1987,2026,1,31,35000,0,신규,26.04~28.04,,,311
11470,목동,목동신시가지2,97.92,4,1986,2026,1,31,84000,0,갱신,26.02~28.02,80000,,902
11470,목동,상진지오벨리(548),130.18,1,2004,2026,1,24,35000,0,갱신,26.01~28.01,35000,,548
11470,신정동,학마을1단지,59.98,13,2000,2026,1,29,41000,0,신규,26.02~28.02,,,1293
11470,목동,목동신시가지1,66,5,1985,2026,1,21,73500,0,갱신,26.02~28.02,70000,,901
11470,신정동,목동신시가지9,71.37,11,1987,2026,1,16,72000,0,갱신,26.01~28.01,62000,,312
11470,신정동,목동힐스테이트,59.87,4,2016,2026,1,20,85000,0,신규,26.02~28.02,,,1323
11470,신정동,목동신시가지12,71.64,10,1988,2026,1,12,50000,0,신규,26.03~28.03,,,326
11470,목동,목동신시가지4,95.34,5,1986,2026,1,14,65000,0,신규,26.02~28.02,,,904
11470,목동,목동신시가지6,47.94,20,1986,2026,1,24,37800,0,갱신,26.02~28.02,36000,,911
11470,신정동,목동신시가지14,55.02,7,1987,2026,1,29,20000,0,신규,26.01~28.01,,,329
11470,신월동,동방,75.42,8,1999,2026,1,27,35000,0,신규,26.04~28.04,,,607-1
11470,신월동,대주파크빌,84.89,23,2004,2026,1,24,50000,0,갱신,26.02~28.02,49000,,1028
11470,신정동,목동신시가지9,53.82,4,1987,2026,1,17,38588,0,갱신,26.02~28.02,36750,,312
11470,신정동,목동현대3차,71.16,19,1997,2026,1,5,64000,0,신규,26.01~30.01,,,1279
11470,신정동,목동신시가지11,66.24,11,1988,2026,1,17,48000,0,갱신,26.02~28.02,40840,,325
11470,신정동,유원목동,84.96,3,1990,2026,1,31,75000,0,갱신,26.05~28.05,70000,,87-39
11470,신정동,신트리4,49.8,15,2000,2026,1,16,27760,0,갱신,26.03~28.03,26460,,1277
11470,목동,목동신시가지6,65.1,20,1986,2026,1,14,63000,0,갱신,26.01~28.01,60000,,911
11470,신정동,목동신시가지11,66.24,11,1988,2026,1,17,48000,0,갱신,26.02~28.02,40840,,325
11470,목동,목4현대,59.91,3,1997,2026,1,24,50000,0,갱신,26.02~28.02,50000,,755-1
11470,신정동,목동신시가지9,106.93,15,1987,2026,1,17,85050,0,갱신,26.02~28.02,81000,,312
11470,목동,목동신시가지1,88.5,1,1985,2026,1,31,99700,0,갱신,26.02~28.02,95000,,901
11470,신정동,목동신시가지12,71.64,2,1988,2026,1,31,48300,0,갱신,26.03~28.03,46000,,326
11470,목동,롯데캐슬위너,59.98,18,2005,2026,1,23,57000,0,갱신,26.02~28.02,55000,,956
11470,목동,목동이-편한세상,134.77,8,2006,2026,1,21,110000,0,갱신,26.02~28.02,105000,,950
11470,신정동,아이파크,84.88,16,2002,2026,1,19,108500,0,신규,26.04~28.04,,,1296
11470,목동,목동센트럴푸르지오,57.9649,5,2015,2026,1,23,43575,0,갱신,26.02~28.01,41500,,404-13
11470,신정동,목동신시가지13,98.63,2,1987,2026,1,17,15000,0,신규,26.02~28.02,,,327
11470,목동,목동신시가지3,82.43,1,1986,2026,1,17,94500,0,갱신,26.02~28.02,90000,,903
11470,목동,목동신시가지1,116.29,5,1985,2026,1,31,90000,0,갱신,26.01~28.01,90000,,901
11470,목동,극동늘푸른,84.21,3,1998,2026,1,26,78000,0,신규,26.03~28.03,,,752-1
11470,신정동,목동신시가지13,70.73,14,1987,2026,1,31,65000,0,신규,26.03~28.03,,,327
11470,신정동,목동신시가지12,71.64,2,1988,2026,1,24,50000,0,갱신,26.01~28.01,43000,,326
11470,신정동,목동힐스테이트,84.88,9,2016,2026,1,10,73800,0,갱신,26.01~28.01,70300,,1323
11470,신월동,신월시영,43.2,9,1988,2026,1,31,21500,0,갱신,26.04~28.04,21000,,987-1
11470,신정동,목동우성2,84.96,6,2000,2026,1,28,46000,0,갱신,26.03~28.03,44000,,337
11470,신정동,목동신시가지9,71.37,14,1987,2026,1,3,60000,0,신규,26.02~28.02,,,312
11470,목동,목동청구한신아파트,84.77,7,1997,2026,1,17,90000,0,갱신,26.02~28.02,86000,,929
11470,신정동,목동신시가지13,70.73,15,1987,2026,1,31,52000,0,갱신,26.02~28.02,48000,,327
11470,목동,목동신시가지2,65.25,4,1986,2026,1,31,58800,0,갱신,26.02~28.02,56000,,902
11470,목동,건영,84.27,10,1994,2026,1,30,45000,0,신규,26.04~28.04,,,928
11470,신월동,예지보금자리74차,55.14,4,2014,2026,1,30,25200,0,신규,26.04~28.04,,,480-4
11470,목동,목동신시가지5,65.08,7,1986,2026,1,30,70000,0,신규,26.04~28.04,,,912
11470,목동,금강에스쁘아,82.615,1,2002,2026,1,31,68000,0,신규,26.03~28.03,,,753-1
11470,목동,트라팰리스이스턴에비뉴,161.36,42,2009,2026,1,30,230000,0,갱신,26.02~28.02,210000,,962-1
11470,신정동,목동현대3차,101.91,4,1997,2026,1,26,85000,0,신규,26.04~28.04,,,1279
11470,신월동,신월시영,59.49,3,1988,2026,1,31,28000,0,신규,26.04~28.04,,,987-1
11470,목동,목동신시가지6,65.1,19,1986,2026,1,23,57000,0,신규,26.02~28.02,,,911
11470,목동,목동청구한신아파트,84.76,9,1997,2026,1,8,78750,0,갱신,26.02~28.02,75000,,929
11470,신월동,신안약수,87.17,8,1985,2026,1,31,36750,0,갱신,26.02~28.02,35000,,591-1
11470,신정동,목동신시가지10,105.58,4,1987,2026,1,6,79000,0,갱신,26.02~28.02,76000,,311
11470,목동,목동신시가지4,47.25,6,1986,2026,1,17,38100,0,갱신,26.02~28.02,36300,,904
11470,목동,롯데캐슬위너,84.94,8,2005,2026,1,17,75000,0,신규,26.03~28.03,,,956
11470,목동,에이스,58.07,4,1997,2026,1,31,39000,0,신규,26.04~28.04,,,769-19
11470,목동,목동신시가지7,53.88,15,1986,2026,1,17,39370,0,갱신,26.02~28.02,37500,,925
11470,목동,목동신시가지5,115.47,2,1986,2026,1,30,110000,0,신규,26.04~28.04,,,912
11470,목동,목동신시가지5,65.08,15,1986,2026,1,26,60000,0,갱신,26.02~28.02,53550,,912
11470,신정동,학마을1단지,49.99,6,2000,2026,1,31,30000,0,갱신,26.04~28.04,30000,,1293
11470,신정동,목동신시가지13,70.73,9,1987,2026,1,30,60000,0,갱신,26.02~28.02,50000,,327
11470,신월동,신목동파라곤,74.6347,5,2024,2026,1,28,65000,0,신규,26.04~28.04,,,1085
11470,신정동,목동신시가지8,54.94,7,1987,2026,1,17,47000,0,신규,26.03~28.03,,,314
11470,신정동,목동신시가지14,71.37,14,1987,2026,1,31,60000,0,신규,26.04~28.04,,,329
11470,신정동,신정현대5,114.24,7,1999,2026,1,31,70000,0,갱신,26.02~28.02,70000,,1273
11470,신월동,신목동파라곤,59.9208,10,2024,2026,1,31,52000,0,신규,26.03~28.03,,,1085
11470,신월동,신목동파라곤,59.9208,11,2024,2026,1,31,52000,0,신규,26.03~28.03,,,1085
11470,신정동,목동신시가지11,51.48,15,1988,2026,1,27,33000,0,신규,26.03~28.03,,,325
11470,신월동,벽산블루밍1단지,59.9465,17,2003,2026,1,31,43000,0,갱신,26.02~28.02,41000,,1022
11470,목동,목동신시가지1,83.23,1,1985,2026,1,19,80000,0,갱신,26.03~27.03,77000,,901
11470,목동,목동신시가지7,66.6,9,1986,2026,1,30,57750,0,갱신,26.01~28.01,55000,,925
11470,신정동,목동신시가지14,108.28,5,1987,2026,1,31,90000,0,갱신,26.02~28.02,88000,,329
11470,신정동,목동신시가지12,71.64,5,1988,2026,1,31,48300,0,갱신,26.03~28.03,46000,,326
11470,신정동,대림e-편한세상,84.985,8,2004,2026,1,31,50000,0,신규,26.04~28.04,,,1303
11470,신월동,해태,59.91,8,1999,2026,1,27,33000,0,갱신,26.04~28.04,33000,,514-3
11470,신정동,신정숲속마을,74.97,6,2016,2026,1,31,40000,0,갱신,26.02~28.02,40000,,1324
11470,목동,목동신시가지6,47.94,11,1986,2026,1,31,38000,0,신규,26.03~28.03,,,911
11470,신정동,목동신시가지8,71.77,15,1987,2026,1,31,69500,0,갱신,26.02~28.02,67000,,314
11470,신정동,목동2삼성래미안,59.92,7,2001,2026,1,3,44100,0,갱신,26.02~28.02,42000,,1295
11470,신정동,목동현대3차,101.91,1,1997,2026,1,31,80000,0,신규,26.02~30.02,,,1279
11470,신정동,목동신시가지12,53.46,13,1988,2026,1,30,41000,0,갱신,26.04~28.04,38000,,326
11470,신정동,아이파크,84.88,2,2002,2026,1,30,102000,0,신규,26.04~28.04,,,1296
11470,신정동,푸른마을4,84.99,11,2002,2026,1,31,39359,0,신규,26.03~28.03,,,1285
11470,신정동,명지해드는터,84.98,4,2003,2026,1,31,83000,0,신규,26.02~28.02,,,1300
11470,신정동,래미안목동아델리체(119동~123동),59.82,11,2021,2026,1,31,70000,0,신규,26.04~28.04,,,1326
11470,신정동,목동신시가지10,79.55,6,1987,2026,1,30,53000,0,갱신,26.01~28.01,49000,,311
11470,신정동,목동신시가지9,71.37,13,1987,2026,1,13,72000,0,신규,26.04~28.04,,,312
11470,신월동,신월시영,43.2,9,1988,2026,1,31,17800,0,갱신,26.01~28.01,17000,,987-1
11470,신정동,목동2삼성래미안,114.16,9,2001,2026,1,29,88000,0,갱신,26.02~28.02,88000,,1295
11470,신정동,목동신시가지9,106.93,3,1987,2026,1,31,91000,0,신규,26.05~28.05,,,312
11470,신정동,목동신시가지9,71.37,6,1987,2026,1,31,66000,0,신규,26.03~28.03,,,312
11470,목동,목동트윈빌,156,14,2000,2026,1,29,123900,0,갱신,26.02~28.02,118000,,905-22
11470,신정동,목동신시가지13,98.63,12,1987,2026,1,27,84000,0,신규,26.04~28.04,,,327
11470,신정동,신트리4,59.73,11,2000,2026,1,28,33973,0,갱신,26.03~28.03,31973,,1277
11470,목동,목동신시가지1,66,10,1985,2026,1,31,71000,0,갱신,26.02~28.02,63000,,901
11470,신정동,경남아너스빌,84.73,6,2004,2026,1,31,88000,0,신규,26.03~28.03,,,1307
11470,신정동,세양청마루,84.98,11,2006,2026,1,31,65000,0,신규,26.03~28.03,,,1306
11470,목동,목동신시가지7,66.6,11,1986,2026,1,30,70000,0,신규,26.02~28.02,,,925
11470,신월동,목동센트럴아이파크위브3단지,84.98,12,2020,2026,1,31,66000,0,신규,26.05~28.05,,,1077
11470,목동,목동신시가지6,47.94,17,1986,2026,1,31,44000,0,신규,26.04~28.04,,,911
11470,신월동,목동센트럴아이파크위브4단지,84.97,10,2020,2026,1,31,67000,0,갱신,26.04~28.04,65000,,1078
11470,목동,부영그린타운1,133.36,10,1999,2026,1,31,125000,0,신규,26.05~28.05,,,907-12
11470,목동,현대,57.84,9,1996,2026,1,31,70000,0,신규,26.04~28.04,,,930
11470,목동,청학,32.91,9,2002,2026,1,31,15000,0,갱신,26.02~28.02,15000,,938
11470,신정동,푸른마을3,84.93,1,2001,2026,1,31,40900,0,갱신,26.01~28.01,39000,,1283
11470,신정동,목동신시가지11,51.48,3,1988,2026,1,31,37700,0,갱신,26.04~28.04,36700,,325
11470,신정동,목동신시가지10,106.06,5,1987,2026,1,30,73000,0,신규,26.02~28.02,,,311
11470,목동,목동신시가지2,95.67,6,1986,2026,1,30,92000,0,신규,26.03~28.03,,,902
11470,신정동,목동신시가지8,54.94,2,1987,2026,1,31,43050,0,갱신,26.04~28.04,41000,,314
11470,목동,진도2,84.75,5,1999,2026,1,30,110000,0,신규,26.04~28.04,,,936
11470,목동,목동신시가지7,66.6,1,1986,2026,1,31,69000,0,갱신,26.04~28.04,67000,,925
11470,목동,목동신시가지7,53.88,15,1986,2026,1,31,53500,0,신규,26.04~28.04,,,925
11470,신정동,목동신시가지11,51.48,6,1988,2026,1,22,39000,0,신규,26.04~28.04,,,325
11470,목동,목동신시가지4,47.25,12,1986,2026,1,30,41000,0,신규,26.04~28.04,,,904
11470,신정동,목동힐스테이트,59.95,19,2016,2026,1,30,87000,0,신규,26.01~28.01,,,1323
11470,신월동,보람아파트,75.87,6,1996,2026,1,30,25500,0,신규,26.04~28.04,,,457-6
11470,목동,목동롯데캐슬마에스트로,59.9846,8,2019,2026,1,30,67500,0,신규,26.03~28.03,,,965
11470,목동,목동신시가지4,48.69,10,1986,2026,1,24,36750,0,갱신,26.02~28.02,35000,,904
11470,목동,대원칸타빌2,83.72,11,2003,2026,1,30,73000,0,갱신,26.02~28.02,71250,,941
11470,목동,목동롯데캐슬마에스트로,84.9779,3,2019,2026,1,27,82000,0,신규,26.04~28.04,,,965
11470,목동,진도2,59.46,8,1999,2026,1,12,66000,0,갱신,26.01~28.01,63000,,936
11470,목동,목동성원(926-8),114.95,6,1997,2026,1,23,120000,0,갱신,26.01~28.01,115000,,926-8
11470,신월동,신월시영,50.67,11,1988,2026,1,10,22000,0,신규,26.02~28.02,,,987-1
11470,신정동,목동신시가지13,99.26,2,1987,2026,1,6,76600,0,갱신,26.03~28.03,73000,,327
11470,신정동,목동우성2,113.91,1,2000,2026,1,23,60000,0,신규,26.03~28.03,,,337
11470,신정동,목동신시가지12,71.64,4,1988,2026,1,28,59000,0,신규,26.04~28.04,,,326
11470,신정동,목동신시가지12,71.64,14,1988,2026,1,9,50000,0,갱신,26.02~28.02,47950,,326
11470,신정동,목동신시가지9,106.93,13,1987,2026,1,23,84000,0,갱신,26.02~28.02,80000,,312
11470,신정동,목동신시가지14,71.37,5,1987,2026,1,17,54000,0,갱신,26.01~28.01,52000,,329
11470,목동,목동신시가지1,90.06,4,1985,2026,1,29,90000,0,갱신,26.03~28.03,83000,,901
11470,신정동,목동신시가지13,98.63,6,1987,2026,1,3,88000,0,신규,26.02~28.02,,,327
11470,신정동,목동신시가지13,70.73,13,1987,2026,1,29,66000,0,갱신,26.02~28.02,60000,,327
11470,신정동,래미안목동아델리체(101동~118동),84.72,13,2021,2026,1,28,85000,0,신규,26.01~28.01,,,1326
11470,신정동,목동파크자이(101동~108동),84.977,11,2019,2026,1,3,87150,0,갱신,26.03~28.03,83000,,1325
11470,신정동,목동신시가지12,71.64,10,1988,2026,1,29,55000,0,갱신,26.02~28.02,55000,,326
11470,신월동,목동센트럴아이파크위브2단지,84.98,18,2020,2026,1,30,70000,0,신규,26.01~27.01,,,1076
11470,목동,목동청구한신아파트,84.77,7,1997,2026,1,28,90000,0,신규,26.05~28.05,,,929
11470,목동,목동신시가지2,122.31,5,1986,2026,1,23,110000,0,갱신,26.01~28.01,105000,,902
11470,목동,목동신시가지7,66.6,13,1986,2026,1,22,46305,0,갱신,26.02~28.02,44100,,925
11470,신정동,신트리4,48.96,9,2000,2026,1,29,30000,0,신규,26.03~28.03,,,1277
11470,신정동,목동신시가지10,53.82,11,1987,2026,1,25,42000,0,신규,26.03~28.03,,,311
11470,신월동,신정두산위브,59.78,7,2012,2026,1,23,49000,0,신규,26.04~28.04,,,1055
11470,신월동,동도센트리움,84.92,8,2007,2026,1,24,46000,0,신규,26.02~28.02,,,1052
11470,신정동,목동신시가지9,156.84,14,1987,2026,1,5,133500,0,신규,26.02~28.02,,,312
11470,목동,목동청구한신아파트,84.77,1,1997,2026,1,24,84000,0,갱신,26.01~28.01,95000,,929
11470,목동,목동신시가지7,66.6,15,1986,2026,1,27,72000,0,신규,26.02~28.02,,,925
11470,신정동,목동현대3차,84.77,11,1997,2026,1,29,80000,0,신규,26.04~28.04,,,1279
11470,목동,우성,84.63,14,1992,2026,1,29,90000,0,신규,26.01~28.01,,,200
11470,신정동,호반써밋목동,59.9488,6,2022,2026,1,22,68000,0,신규,26.04~29.04,,,1327
11470,신정동,목동신시가지11,51.48,11,1988,2026,1,28,32000,0,신규,26.02~28.02,,,325
11470,신정동,아이파크,84.88,18,2002,2026,1,21,108000,0,갱신,26.01~28.01,94000,,1296
11470,신정동,목동신시가지10,105.58,6,1987,2026,1,18,80000,0,갱신,26.01~28.01,78000,,311
11470,신정동,목동신시가지14,71.37,1,1987,2026,1,17,57000,0,갱신,26.03~28.03,55000,,329
11470,목동,목동신시가지7,74.12,3,1986,2026,1,27,78000,0,갱신,26.03~28.03,76500,,925
11470,목동,트라팰리스이스턴에비뉴,127.65,16,2009,2026,1,15,190000,0,신규,26.02~28.02,,,962-1
11470,목동,목동신시가지6,65.1,13,1986,2026,1,24,65000,0,신규,26.03~28.03,,,911
11470,목동,대원칸타빌,84.97,9,2001,2026,1,28,80000,0,갱신,26.02~28.02,75000,,808-5
11470,신정동,래미안목동아델리체(119동~123동),59.82,1,2021,2026,1,20,65000,0,신규,26.03~28.03,,,1326
11470,목동,목동신시가지1,51.48,13,1985,2026,1,27,53000,0,신규,26.03~28.03,,,901
11470,목동,신한이모르젠,78.84,12,2006,2026,1,12,48000,0,신규,26.02~28.02,,,960
11470,신정동,목동신시가지14,55.02,12,1987,2026,1,17,42000,0,갱신,26.02~28.02,40000,,329
11470,신월동,세아쎄닛빌,66.9,6,2002,2026,1,24,34000,0,신규,26.05~28.05,,,547-5
11470,신월동,수명산롯데캐슬,84.96,1,2008,2026,1,25,43000,0,신규,26.03~28.03,,,1036
11470,신월동,신월시영,50.67,12,1988,2026,1,28,20500,0,갱신,26.02~28.02,19000,,987-1
11470,목동,동구햇살아파트,84.76,7,2003,2026,1,26,60000,0,신규,26.02~28.02,,,724-2
11470,신정동,래미안목동아델리체(101동~118동),84.94,19,2021,2026,1,25,88500,0,갱신,26.02~28.02,85000,,1326
11470,신정동,목동신시가지11,66.24,1,1988,2026,1,9,38100,0,갱신,26.02~28.02,36300,,325
11470,신정동,목동우성2,84.96,4,2000,2026,1,17,56500,0,갱신,26.03~28.03,55000,,337
11470,신월동,목동센트럴아이파크위브3단지,59.88,7,2020,2026,1,26,57000,0,신규,26.04~28.04,,,1077
11470,신월동,신월시영,50.67,10,1988,2026,1,28,18840,0,갱신,26.02~28.02,17950,,987-1
11470,목동,목동신시가지1,98.08,2,1985,2026,1,27,95000,0,신규,26.03~28.03,,,901
11470,목동,목동신시가지3,64.98,13,1986,2026,1,27,51000,0,갱신,26.02~28.02,49000,,903
11470,목동,롯데캐슬위너,84.97,19,2005,2026,1,24,73500,0,갱신,26.02~28.02,70000,,956
11470,목동,목동신시가지4,67.58,12,1986,2026,1,27,70000,0,신규,26.04~28.04,,,904
11470,신정동,목동신시가지13,98.63,9,1987,2026,1,26,75000,0,갱신,26.03~28.03,75000,,327
11470,목동,목동신시가지7,53.88,2,1986,2026,1,22,53000,0,갱신,26.02~28.02,49000,,925
11470,신월동,신월시영,43.2,11,1988,2026,1,27,16000,0,신규,26.03~28.03,,,987-1
11470,신정동,래미안목동아델리체(119동~123동),59.82,2,2021,2026,1,27,66000,0,신규,26.03~28.03,,,1326
11470,목동,목동성원초원,84.96,6,1999,2026,1,27,68000,0,신규,26.02~28.02,,,751-4
11470,신월동,나산,59.9,3,1997,2026,1,12,23000,0,신규,26.01~28.01,,,217-2
11470,목동,월드메르디앙2,72.24,7,2003,2026,1,19,63000,0,신규,26.01~28.01,,,948
11470,목동,롯데캐슬위너,127.65,16,2005,2026,1,24,90000,0,갱신,26.02~28.02,90000,,956
11470,신정동,목동신시가지14,55.02,5,1987,2026,1,23,40950,0,갱신,26.01~28.01,39000,,329
11470,신월동,목동센트럴아이파크위브4단지,84.97,21,2020,2026,1,21,70000,0,갱신,26.02~28.02,70000,,1078
11470,신월동,흥인아이젠,79.6,11,2011,2026,1,26,36400,0,신규,26.04~28.04,,,545-2
11470,신정동,목동신시가지8,71.77,11,1987,2026,1,24,73000,0,갱신,26.02~28.02,70000,,314
11470,신정동,래미안목동아델리체(101동~118동),84.94,3,2021,2026,1,26,78700,0,갱신,26.01~28.01,75000,,1326
11470,신정동,목동신시가지8,54.94,2,1987,2026,1,24,45000,0,갱신,26.02~28.02,37800,12,314
11470,신정동,목동신시가지12,53.46,10,1988,2026,1,17,41000,0,신규,26.04~28.04,,,326
11470,신정동,목동신시가지14,71.37,8,1987,2026,1,10,57750,0,갱신,26.01~28.01,55000,,329
11470,신월동,목동센트럴아이파크위브1단지,59.68,2,2020,2026,1,22,51500,0,신규,26.04~28.04,,,1075
11470,신정동,목동삼성,114.93,3,1996,2026,1,25,70000,0,갱신,26.03~28.03,67000,,1278
11470,목동,목동신시가지1,90.06,8,1985,2026,1,17,77000,0,갱신,26.02~28.02,77000,,901
11470,신월동,흥인아이젠,79.6,11,2011,2026,1,26,32760,0,신규,26.04~28.04,,,545-2
11470,신정동,대림e-편한세상,84.985,10,2004,2026,1,25,47250,0,갱신,26.02~28.02,45000,10,1303
11470,신월동,신목동파라곤,84.9582,12,2024,2026,1,24,55650,0,갱신,26.01~27.09,53000,,1085
11470,신월동,롯데캐슬,84.984,2,2014,2026,1,24,50000,0,갱신,26.03~28.03,50000,,1063
11470,신정동,푸른마을3,59.85,2,2001,2026,1,24,40000,0,신규,26.03~28.03,,,1283
11470,신월동,수명산롯데캐슬,84.96,1,2008,2026,1,25,43000,0,신규,26.03~28.03,,,1036
11470,신월동,신안파크,47.6,2,1987,2026,1,15,15000,0,신규,26.04~28.04,,,350-2
11470,신월동,서울가든,86.4,9,1985,2026,1,24,41000,0,갱신,26.02~28.02,40000,,475
11470,신정동,목동삼성,84.77,17,1996,2026,1,26,67000,0,갱신,26.01~28.01,58200,,1278
11470,목동,목동신시가지3,64.98,14,1986,2026,1,23,56000,0,신규,26.03~28.03,,,903
11470,목동,목동신시가지1,66,5,1985,2026,1,9,48500,0,갱신,26.02~28.02,46200,,901
11470,신정동,목동힐스테이트,84.98,3,2016,2026,1,17,88200,0,신규,26.04~28.04,,,1323
11470,신월동,목동센트럴아이파크위브1단지,84.97,15,2020,2026,1,24,66000,0,갱신,26.04~28.04,63000,,1075
11470,목동,목동신시가지4,65.34,15,1986,2026,1,25,56000,0,갱신,26.02~28.02,53000,,904
11470,신정동,유원목동,84.96,8,1990,2026,1,14,75000,0,갱신,26.04~28.04,72000,,87-39
11470,목동,목동신시가지3,95.74,2,1986,2026,1,17,97000,0,갱신,26.02~28.02,97000,,903
11470,신정동,쌍용,84.63,13,1992,2026,1,19,73000,0,신규,26.03~28.03,,,334
11470,목동,목동신시가지1,96.9,1,1985,2026,1,24,87000,0,신규,26.02~28.02,,,901
11470,목동,목동신시가지6,65.1,19,1986,2026,1,23,57000,0,신규,26.02~28.02,,,911
11470,신정동,목동신시가지13,53.9,5,1987,2026,1,24,39900,0,갱신,26.02~28.02,38000,,327
11470,목동,목동신시가지6,95.03,7,1986,2026,1,21,93000,0,갱신,26.02~28.02,91000,,911
11470,신정동,목동신시가지12,71.64,2,1988,2026,1,23,52000,0,갱신,26.03~28.03,48000,,326
11470,신정동,목동신시가지8,54.94,7,1987,2026,1,22,45000,0,갱신,26.02~27.02,39000,20,314
11470,신정동,목동신시가지10,70.2,7,1987,2026,1,23,65000,0,신규,26.03~28.03,,,311
11470,신정동,목동우성2,84.96,6,2000,2026,1,16,49500,0,갱신,26.01~27.03,48000,,337
11470,목동,건영,84.33,13,1994,2026,1,23,45000,0,신규,26.04~28.04,,,928
11470,신정동,목동신시가지13,98.63,2,1987,2026,1,17,86000,0,갱신,26.02~28.02,83000,,327
11470,신정동,쌍용,84.65,4,1992,2026,1,17,56500,0,갱신,26.02~28.02,56500,,334
11470,목동,대원칸타빌,81.233,5,2001,2026,1,17,86000,0,갱신,26.03~28.03,80000,,808-5
11470,신정동,목동신시가지10,70.2,9,1987,2026,1,22,70000,0,신규,26.03~28.03,,,311
11470,신정동,목동신시가지13,98.63,13,1987,2026,1,23,85000,0,갱신,26.04~28.04,75000,,327
11470,신월동,신정두산위브,59.78,10,2012,2026,1,20,35000,0,신규,26.02~28.02,,,1055
11470,신정동,목동신시가지11,51.48,6,1988,2026,1,23,30000,0,갱신,26.02~28.02,20000,50,325
11470,신정동,동일하이빌2단지,84.955,9,2005,2026,1,9,53000,0,갱신,26.01~28.01,51000,,1311
11470,신정동,목동현대3차,114.93,1,1997,2026,1,17,93000,0,신규,26.03~28.03,,,1279
11470,신정동,신정6현대,84.6,20,2000,2026,1,22,41800,0,갱신,26.02~28.02,39900,,743-2
11470,목동,목동신시가지5,95.01,2,1986,2026,1,22,82000,0,갱신,26.02~28.02,81000,,912
11470,목동,근상프리즘,65.4,6,2004,2026,1,21,10000,0,신규,26.01~26.02,,,955
11470,신월동,수명산롯데캐슬,84.96,5,2008,2026,1,22,55000,0,신규,26.03~28.03,,,1036
11470,신정동,목동신시가지10,105.58,3,1987,2026,1,22,81000,0,갱신,26.02~28.02,79000,,311
11470,목동,목동신시가지7,74.12,5,1986,2026,1,3,78000,0,신규,26.02~28.02,,,925
11470,신정동,삼성쉐르빌,72.17,3,2003,2026,1,22,75000,0,신규,26.03~28.03,,,318-10
11470,신정동,목동신시가지13,98.63,15,1987,2026,1,22,76000,0,갱신,26.01~28.01,73000,,327
11470,목동,현대,57.84,17,1996,2026,1,9,48500,0,갱신,26.01~28.01,46200,,930
11470,신정동,목동신시가지14,71.4,6,1987,2026,1,20,52500,0,갱신,26.01~28.01,50000,,329
11470,목동,목동신시가지5,143.36,9,1986,2026,1,22,135000,0,신규,26.02~28.02,,,912
11470,신월동,수명산그린시아,83.43,4,2014,2026,1,22,44000,0,신규,26.03~28.03,,,1070
11470,목동,목동센트럴푸르지오,57.8736,5,2015,2026,1,22,32998,0,갱신,26.02~28.01,31427,,404-13
11470,신정동,대성유니드2차,80.86,11,2004,2026,1,22,47000,0,신규,26.02~28.02,,,1198-3
11470,목동,목동신시가지4,47.25,12,1986,2026,1,21,48000,0,신규,26.03~28.03,,,904
11470,신월동,신도브래뉴2차,59.9,4,2004,2026,1,21,40000,0,신규,26.03~28.03,,,1031
11470,신월동,태산,57.2,10,2015,2026,1,22,27300,0,갱신,26.02~28.02,26000,,520-8
11470,신정동,미광,75.6,5,1995,2026,1,4,40000,0,갱신,26.02~28.02,36000,,881-16
11470,신정동,푸른마을4,84.81,15,2002,2026,1,19,49000,0,신규,26.03~28.03,,,1285
11470,목동,목동신시가지7,74.12,5,1986,2026,1,19,75000,0,신규,26.04~28.04,,,925
11470,신정동,래미안목동아델리체(101동~118동),115.97,6,2021,2026,1,17,105000,0,갱신,26.01~28.01,100000,,1326
11470,목동,목동청구한신아파트,84.76,11,1997,2026,1,21,89000,0,갱신,26.02~28.02,85000,,929
11470,목동,목동신시가지2,97.92,9,1986,2026,1,21,95000,0,신규,26.03~28.03,,,902
11470,목동,목동신시가지6,95.03,8,1986,2026,1,20,95000,0,신규,26.02~28.02,,,911
11470,신월동,목동센트럴아이파크위브3단지,52.85,17,2020,2026,1,21,42000,0,갱신,26.05~28.05,40000,,1077
11470,목동,목동신시가지6,47.94,5,1986,2026,1,20,42000,0,갱신,26.02~28.02,40000,,911
11470,신정동,목동신시가지11,66.24,3,1988,2026,1,17,35230,0,갱신,26.02~28.02,33560,,325
11470,신정동,이펜하우스2단지,114.98,4,2011,2026,1,21,27595,0,갱신,26.02~28.01,26281,,1322
11470,신정동,목동신시가지12,53.46,10,1988,2026,1,17,36000,0,갱신,26.01~28.01,35000,,326
11470,신정동,목동신시가지12,64.65,1,1988,2026,1,12,50000,0,갱신,26.01~28.01,40000,,326
11470,신정동,경남아너스빌,84.73,1,2004,2026,1,17,73500,0,갱신,26.02~28.02,70000,,1307
11470,신정동,춘당아네시스,99.81,3,2004,2026,1,20,51500,0,갱신,26.01~28.01,49000,,889-15
11470,신정동,목동신시가지11,66.24,11,1988,2026,1,17,48000,0,갱신,26.02~28.02,40840,,325
11470,목동,목동신시가지3,64.98,7,1986,2026,1,17,48300,0,갱신,26.01~28.01,46000,,903
11470,신정동,목동신시가지14,55.02,4,1987,2026,1,21,42000,0,신규,26.02~28.02,,,329
11470,신정동,목동우성2,84.96,4,2000,2026,1,17,48000,0,신규,26.03~28.03,,,337
11470,신정동,신트리4,59.73,9,2000,2026,1,17,40000,0,신규,26.04~28.04,,,1277
11470,목동,목동롯데캐슬마에스트로,84.9779,12,2019,2026,1,21,83000,0,신규,26.03~28.03,,,965
11470,목동,목동신시가지6,47.94,14,1986,2026,1,21,39900,0,갱신,26.02~28.02,38000,,911
11470,목동,목동센트럴푸르지오,57.9172,3,2015,2026,1,21,32998,0,갱신,26.02~28.01,31427,,404-13
11470,신정동,푸른마을2,59.85,6,2001,2026,1,20,40000,0,신규,26.04~28.04,,,1281
11470,신정동,이펜하우스2단지,84.51,4,2011,2026,1,5,45000,0,갱신,26.01~28.01,42000,,1322
11470,신정동,목동신시가지12,71.64,13,1988,2026,1,20,52500,0,갱신,26.05~28.05,50000,,326
11470,신정동,목동2삼성래미안,59.92,8,2001,2026,1,17,48825,0,갱신,26.02~28.02,46500,,1295
11470,목동,목동신시가지7,59.39,4,1986,2026,1,20,55000,0,신규,26.02~28.02,,,925
11470,목동,목동신시가지7,66.6,4,1986,2026,1,20,70000,0,신규,26.02~28.02,,,925
11470,신정동,목동신시가지12,71.64,9,1988,2026,1,17,50000,0,신규,26.03~28.03,,,326
11470,신정동,목동신시가지12,53.46,15,1988,2026,1,16,35000,0,신규,26.03~28.03,,,326
11470,목동,목동청구한신아파트,84.76,10,1997,2026,1,20,82700,0,갱신,26.02~28.02,79000,,929
11470,신정동,목동신시가지11,66.24,11,1988,2026,1,17,38000,0,갱신,26.01~28.01,34000,,325
11470,목동,목동신시가지5,122.46,2,1986,2026,1,15,120000,0,갱신,26.02~28.02,110000,,912
11470,목동,목동신시가지1,47.52,4,1985,2026,1,15,44000,0,신규,26.03~28.03,,,901
11470,목동,목동신시가지3,64.98,6,1986,2026,1,17,59000,0,갱신,26.02~28.02,51800,,903
11470,신정동,목동신시가지13,99.26,4,1987,2026,1,14,79000,0,갱신,26.01~28.01,76000,,327
11470,신월동,신월시영,59.49,6,1988,2026,1,10,28000,0,신규,26.03~28.03,,,987-1
11470,신월동,성우,84.98,12,1998,2026,1,16,42500,0,신규,26.02~28.02,,,429-1
11470,신월동,대주파크빌,59.98,2,2004,2026,1,17,40000,0,갱신,26.01~28.01,38000,,1028
11470,신월동,목동센트럴아이파크위브1단지,84.97,9,2020,2026,1,17,65000,0,갱신,26.02~28.02,63000,,1075
11470,신정동,목동신시가지11,51.48,3,1988,2026,1,16,34000,0,신규,26.02~28.02,,,325
11470,신정동,목동신시가지11,66.24,9,1988,2026,1,17,48000,0,신규,26.03~28.03,,,325
11470,신월동,신월시영,59.49,10,1988,2026,1,19,28000,0,신규,26.03~28.03,,,987-1
11470,신정동,목동신시가지12,71.64,3,1988,2026,1,16,49200,0,갱신,26.01~28.01,47200,,326
11470,신정동,목동신시가지12,56.76,2,1988,2026,1,19,34000,0,갱신,26.02~28.02,33000,,326
11470,신정동,래미안목동아델리체(101동~118동),115.97,1,2021,2026,1,17,94000,0,갱신,26.03~28.03,90000,,1326
11470,목동,목동신시가지7,101.2,2,1986,2026,1,17,97650,0,갱신,26.02~28.02,93000,,925
11470,신정동,목동신시가지14,83.89,16,1987,2026,1,17,66000,0,신규,26.02~28.02,,,329
11470,신정동,목동신시가지14,55.02,13,1987,2026,1,14,38000,0,갱신,26.02~28.02,32000,,329
11470,목동,목동성원초원,84.96,10,1999,2026,1,17,72000,0,갱신,26.01~28.01,69000,,751-4
11470,목동,월드메르디앙3,84.95,8,2003,2026,1,16,113400,0,갱신,26.02~28.02,108000,,947
11470,신정동,청구,84.99,7,1992,2026,1,17,57500,0,갱신,26.03~28.03,55000,,336
11470,신정동,목동신시가지9,71.37,2,1987,2026,1,3,57750,0,갱신,26.01~28.01,55000,,312
11470,신정동,목동신시가지9,53.82,8,1987,2026,1,9,50000,0,갱신,26.02~28.02,40000,,312
11470,목동,목동신시가지6,65.1,10,1986,2026,1,19,55000,0,신규,26.03~28.03,,,911
11470,신정동,목동신시가지14,55.02,7,1987,2026,1,17,42000,0,갱신,26.02~28.02,38000,,329
11470,목동,목동신시가지3,64.98,7,1986,2026,1,18,64000,0,갱신,26.01~28.01,55000,,903
11470,신정동,목동신시가지12,71.64,6,1988,2026,1,19,51000,0,신규,26.02~28.02,,,326
11470,신정동,목동신시가지8,54.94,18,1987,2026,1,16,42000,0,갱신,26.02~28.02,40000,,314
11470,목동,목동청구한신아파트,84.77,5,1997,2026,1,17,84000,0,갱신,26.02~28.02,80000,,929
11470,신정동,목동신시가지13,70.73,2,1987,2026,1,17,61000,0,신규,26.02~28.02,,,327
11470,목동,엘리시아,65.36,2,2009,2026,1,17,45000,0,신규,26.03~28.03,,,524
11470,목동,목동성원,114.94,3,2000,2026,1,19,85000,0,신규,26.03~28.03,,,763-1
11470,신월동,신월시영,43.2,4,1988,2026,1,16,18000,0,신규,26.03~28.03,,,987-1
11470,신정동,목동신시가지14,108.28,9,1987,2026,1,17,84000,0,신규,26.02~28.02,,,329
11470,신정동,목동신시가지14,74.19,3,1987,2026,1,19,41500,0,갱신,26.03~28.03,39600,,329
11470,목동,목동신시가지6,47.94,17,1986,2026,1,17,42000,0,갱신,26.02~28.02,40000,,911
11470,목동,목동신시가지1,90.06,12,1985,2026,1,13,84000,0,갱신,26.01~28.01,80000,,901
11470,신정동,목동신시가지12,71.64,2,1988,2026,1,17,52500,0,갱신,26.02~28.02,50000,,326
11470,신정동,래미안목동아델리체(119동~123동),59.82,12,2021,2026,1,13,73000,0,신규,26.02~28.02,,,1326
11470,신정동,목동신시가지12,71.64,4,1988,2026,1,17,51000,0,갱신,26.02~28.02,48000,,326
11470,신정동,신트리4,59.73,4,2000,2026,1,13,36750,0,갱신,26.01~28.01,35000,,1277
11470,신정동,신트리1,59.73,4,1999,2026,1,17,36000,0,신규,26.02~28.02,,,1259
11470,신정동,호반써밋목동,84.9828,8,2022,2026,1,16,74550,0,신규,26.03~28.03,,,1327
11470,신월동,롯데캐슬,84.966,5,2014,2026,1,2,61500,0,신규,26.04~28.04,,,1063
11470,목동,목동성원(926-8),59.4,11,1997,2026,1,13,53500,0,신규,26.03~27.03,,,926-8
11470,신정동,목동신시가지8,54.94,9,1987,2026,1,5,50000,0,신규,26.03~28.03,,,314
11470,목동,목동신시가지4,95.67,3,1986,2026,1,17,83000,0,갱신,26.02~28.02,79000,,904
11470,신정동,푸른마을4,84.99,4,2002,2026,1,3,50000,0,신규,26.03~28.03,,,1285
11470,목동,목동신시가지3,64.98,12,1986,2026,1,5,53000,0,갱신,26.02~28.02,51000,,903
11470,목동,목동신시가지3,145.13,7,1986,2026,1,17,157500,0,갱신,26.02~28.02,150000,,903
11470,신정동,목동신시가지13,53.9,4,1987,2026,1,17,46000,0,신규,26.03~28.03,,,327
11470,목동,목동신시가지3,64.98,7,1986,2026,1,15,67000,0,신규,26.03~28.03,,,903
11470,신정동,목동신시가지10,70.2,12,1987,2026,1,8,49600,0,갱신,26.01~27.01,47250,,311
11470,신정동,신트리1,49.95,1,1999,2026,1,16,37000,0,갱신,26.01~28.01,34500,,1259
11470,신정동,목동신시가지11,51.48,4,1988,2026,1,16,35000,0,갱신,26.02~28.02,34000,,325
11470,신정동,학마을1단지,49.98,3,2000,2026,1,16,27300,0,갱신,26.02~28.02,26000,,1293
11470,신정동,신트리1,59.73,11,1999,2026,1,16,42000,0,갱신,26.03~28.03,40000,,1259
11470,목동,목동신시가지5,95.06,1,1986,2026,1,16,78500,0,갱신,26.01~28.01,78500,,912
11470,신월동,목동센트럴아이파크위브4단지,84.98,9,2020,2026,1,16,65000,0,신규,26.01~28.01,,,1078
11470,목동,목동트윈빌,117.93,15,2000,2026,1,15,125000,0,신규,26.03~28.03,,,905-22
11470,신정동,목동신시가지13,70.73,5,1987,2026,1,8,65000,0,갱신,26.03~28.03,58000,,327
11470,신정동,목동신시가지11,66.24,4,1988,2026,1,10,50000,0,신규,26.02~28.02,,,325
11470,신정동,신정현대5,59.08,15,1999,2026,1,10,40000,0,신규,26.02~28.02,,,1273
11470,신정동,푸른마을2,49.16,9,2001,2026,1,15,28500,0,갱신,26.02~28.02,28000,,1281
11470,신정동,학마을1단지,49.99,11,2000,2026,1,14,30000,0,신규,26.03~28.03,,,1293
11470,목동,목동신시가지5,152.85,5,1986,2026,1,16,120750,0,갱신,26.01~28.01,115000,,912
11470,목동,벽산,84.99,9,1991,2026,1,7,84000,0,갱신,26.01~28.01,80000,,926-7
11470,신정동,이펜하우스2단지,114.98,3,2011,2026,1,15,27595,0,갱신,26.02~28.01,26281,,1322
11470,목동,목동신시가지3,153.58,2,1986,2026,1,14,123000,0,갱신,26.02~28.02,120000,,903
11470,목동,목동신시가지7,66.6,13,1986,2026,1,9,68000,0,갱신,26.03~28.03,65000,,925
11470,목동,목동신시가지2,83.52,1,1986,2026,1,15,78700,0,갱신,26.02~28.02,74970,,902
11470,신정동,목동신시가지9,126.53,6,1987,2026,1,13,105000,0,갱신,26.02~28.02,105000,,312
11470,신정동,이펜하우스2단지,114.98,2,2011,2026,1,15,41832,0,갱신,26.02~28.01,39840,,1322
11470,신정동,아이파크,59.82,9,2002,2026,1,15,73000,0,갱신,26.01~28.01,70000,,1296
11470,목동,현대하이페리온,154.05,13,2003,2026,1,9,210000,0,갱신,26.03~28.03,200000,,916
11470,신정동,이펜하우스2단지,114.98,2,2011,2026,1,15,27595,0,갱신,26.02~28.01,28909,,1322
11470,목동,목동신시가지1,51.48,12,1985,2026,1,14,52000,0,신규,26.04~28.04,,,901
11470,목동,목동센트럴푸르지오,84.9914,9,2015,2026,1,13,113000,0,신규,26.01~27.12,,,404-13
11470,신월동,스위트드림아파트,52.16,2,2020,2026,1,7,29300,0,신규,26.02~28.02,,,1074
11470,신월동,새롬,84.83,1,2002,2026,1,14,36000,0,신규,26.01~28.01,,,458-1
11470,신정동,이펜하우스1단지,114.98,3,2011,2026,1,13,44100,0,갱신,26.02~28.01,42000,,1321
11470,신정동,목동신시가지12,71.64,6,1988,2026,1,14,52000,0,신규,26.03~28.03,,,326
11470,신정동,목동신시가지12,71.64,6,1988,2026,1,7,52000,0,신규,26.03~28.03,,,326
11470,목동,목동두산위브,112.209,7,2005,2026,1,10,68200,0,갱신,26.01~28.01,65000,,953
11470,목동,롯데캐슬위너,84.94,9,2005,2026,1,10,67200,0,갱신,26.02~28.02,64000,,956
11470,목동,목동신시가지6,47.94,18,1986,2026,1,14,37000,0,갱신,26.02~28.02,34000,,911
11470,신정동,목동2삼성래미안,59.92,13,2001,2026,1,2,50000,0,신규,26.02~28.02,,,1295
11470,신정동,목동신시가지14,108.28,13,1987,2026,1,8,86000,0,갱신,26.02~28.02,84000,,329
11470,신월동,목동센트럴아이파크위브2단지,59.97,12,2020,2026,1,10,54000,0,갱신,26.02~28.02,54000,,1076
11470,목동,목동신시가지4,47.25,2,1986,2026,1,13,31500,0,갱신,26.01~27.02,30000,,904
11470,목동,목동신시가지5,95.28,1,1986,2026,1,9,93000,0,신규,26.03~28.03,,,912
11470,신월동,신월시영,43.2,6,1988,2026,1,13,20000,0,갱신,26.01~32.01,15000,,987-1
11470,신월동,신정두산위브,84.04,18,2012,2026,1,10,56700,0,갱신,26.02~28.02,54000,,1055
11470,신월동,신월시영,59.49,12,1988,2026,1,10,23000,0,갱신,26.02~28.02,22000,,987-1
11470,목동,진도1,59.84,7,1998,2026,1,10,59000,0,갱신,26.01~28.01,53000,,935
11470,신정동,신정6현대,59.4,11,2000,2026,1,13,34000,0,신규,26.03~28.03,,,743-2
11470,목동,건영,84.33,8,1994,2026,1,7,45000,0,신규,26.02~28.02,,,928
11470,목동,목동신시가지2,97.92,11,1986,2026,1,13,92000,0,신규,26.02~28.02,,,902
11470,신정동,목동신시가지13,70.73,9,1987,2026,1,2,66000,0,신규,26.02~28.02,,,327
11470,신정동,아이파크,59.82,11,2002,2026,1,11,59500,0,갱신,26.02~28.02,56700,,1296
11470,신정동,이펜하우스2단지,114.98,1,2011,2026,1,13,27595,0,갱신,26.02~28.01,26281,,1322
11470,신정동,이펜하우스2단지,114.98,4,2011,2026,1,13,27595,0,갱신,26.02~28.01,26281,,1322
11470,신정동,이펜하우스2단지,114.98,4,2011,2026,1,13,39123,0,갱신,26.02~28.01,37260,,1322
11470,신정동,이펜하우스2단지,114.98,4,2011,2026,1,13,44100,0,갱신,26.02~28.01,42000,,1322
11470,신정동,목동힐스테이트,84.98,9,2016,2026,1,7,95000,0,갱신,26.02~28.02,85000,,1323
11470,목동,우성,84.44,6,1992,2026,1,10,60000,0,신규,26.02~28.02,,,200
11470,신정동,이펜하우스2단지,114.98,3,2011,2026,1,13,39123,0,갱신,26.02~28.01,37260,,1322
11470,신정동,이펜하우스1단지,84.51,6,2011,2026,1,13,30576,0,갱신,26.02~28.01,29120,,1321
11470,신정동,목동우성2,84.96,17,2000,2026,1,5,40000,0,갱신,26.02~28.02,40000,,337
11470,신정동,목동신시가지13,70.73,8,1987,2026,1,13,63000,0,신규,26.03~28.03,,,327
11470,신정동,이펜하우스2단지,114.98,1,2011,2026,1,13,39123,0,갱신,26.02~28.01,37260,,1322
11470,신정동,이펜하우스2단지,114.98,4,2011,2026,1,13,39123,0,갱신,26.02~28.01,37260,,1322
11470,신정동,이펜하우스1단지,84.51,6,2011,2026,1,13,30429,0,갱신,26.02~28.01,28980,,1321
11470,신정동,이펜하우스2단지,114.98,1,2011,2026,1,13,39123,0,갱신,26.02~28.01,37260,,1322
11470,목동,청학,57.18,5,2002,2026,1,12,40400,0,갱신,26.01~28.02,38500,,938
11470,신정동,이펜하우스1단지,84.86,4,2011,2026,1,13,30576,0,갱신,26.02~28.01,29120,,1321
11470,신정동,이펜하우스5단지,59.94,1,2011,2026,1,13,15098,0,갱신,26.02~28.01,13073,,1318
11470,신정동,명지해드는터,84.98,3,2003,2026,1,3,67900,0,갱신,26.02~28.02,64900,,1300
11470,신정동,목동현대3차,84.77,15,1997,2026,1,10,73000,0,갱신,26.02~28.02,70000,,1279
11470,목동,목동센트럴푸르지오,110.3387,9,2015,2026,1,12,62253,0,갱신,26.02~28.01,59289,,404-13
11470,신정동,예지아파트,84.64,6,2001,2026,1,12,45000,0,갱신,26.01~28.01,40000,,911-11
11470,목동,극동늘푸른,84.21,12,1998,2026,1,9,68250,0,갱신,26.02~28.02,65000,,752-1
11470,목동,목동신시가지7,101.2,13,1986,2026,1,10,99700,0,갱신,26.02~28.02,95000,,925
11470,신월동,신안파크,47.6,1,1987,2026,1,7,11000,0,신규,26.03~28.03,,,350-2
11470,목동,목동신시가지4,48.69,2,1986,2026,1,7,42000,0,신규,26.03~28.03,,,904
11470,신정동,래미안목동아델리체(101동~118동),59.82,27,2021,2026,1,9,82000,0,신규,26.04~28.04,,,1326
11470,신정동,목동신시가지12,53.46,13,1988,2026,1,10,38500,0,갱신,26.01~28.01,37000,,326
11470,목동,목동가든스위트,179.03,7,1999,2026,1,9,110000,0,신규,26.03~28.03,,,907-5
11470,신월동,목동센트럴아이파크위브2단지,52.96,3,2020,2026,1,9,46000,0,신규,26.02~28.02,,,1076
11470,신정동,래미안목동아델리체(101동~118동),84.58,18,2021,2026,1,9,97000,0,신규,26.02~28.02,,,1326
11470,신월동,목동센트럴아이파크위브3단지,52.85,12,2020,2026,1,3,42000,0,갱신,26.03~28.03,40000,,1077
11470,목동,목동성원초원,59.9,10,1999,2026,1,9,47200,0,갱신,26.01~28.01,45000,,751-4
11470,목동,목동에버하임,24.91,10,2019,2026,1,10,20000,0,갱신,26.03~28.03,20000,,966
11470,목동,목동에버하임,41.06,11,2019,2026,1,8,32000,0,신규,26.04~28.04,,,966
11470,목동,우성,84.63,8,1992,2026,1,9,60000,0,갱신,26.01~28.01,68000,,200
11470,신정동,목동신시가지14,71.37,4,1987,2026,1,8,53500,0,갱신,26.01~28.01,51000,,329
11470,목동,목동신시가지3,95.03,3,1986,2026,1,9,93000,0,신규,26.02~28.02,,,903
11470,목동,목동신시가지7,59.39,3,1986,2026,1,9,54600,0,갱신,26.02~28.02,52000,,925
11470,목동,목동센트럴푸르지오,110.3387,11,2015,2026,1,9,145900,0,갱신,26.01~28.01,139000,,404-13
11470,목동,목동신시가지3,153.58,5,1986,2026,1,9,110000,0,갱신,26.01~28.01,90000,,903
11470,목동,목동신시가지1,99.15,4,1985,2026,1,7,99750,0,갱신,26.02~28.02,95000,,901
11470,목동,목동신시가지6,65.1,12,1986,2026,1,9,65000,0,신규,26.03~28.03,,,911
11470,목동,목동신시가지6,47.94,16,1986,2026,1,7,36700,0,갱신,26.01~28.01,35000,,911
11470,신정동,신정6현대,84.6,17,2000,2026,1,9,47200,0,갱신,26.02~28.02,45000,,743-2
11470,목동,목동센트럴푸르지오,110.3387,21,2015,2026,1,9,62253,0,갱신,26.02~28.01,59289,,404-13
11470,신정동,목동신시가지10,53.82,8,1987,2026,1,7,46000,0,신규,26.02~28.02,,,311
11470,신월동,신월시영,50.67,12,1988,2026,1,7,21000,0,신규,26.02~28.02,,,987-1
11470,신정동,목동신시가지11,51.48,9,1988,2026,1,6,35000,0,신규,26.02~28.02,,,325
11470,목동,목동신시가지7,74.12,5,1986,2026,1,3,78000,0,신규,26.02~28.02,,,925
11470,목동,목동신시가지7,66.6,15,1986,2026,1,8,59800,0,갱신,26.03~28.03,57000,,925
11470,신월동,목동센트럴아이파크위브4단지,84.98,11,2020,2026,1,8,65000,0,신규,26.03~28.03,,,1078
11470,신정동,래미안목동아델리체(101동~118동),84.94,18,2021,2026,1,8,84000,0,갱신,26.03~28.03,80000,,1326
11470,목동,목동신시가지7,66.6,1,1986,2026,1,8,65000,0,갱신,26.01~28.01,65000,,925
11470,신월동,목동센트럴아이파크위브2단지,59.97,2,2020,2026,1,7,57000,0,신규,26.03~28.03,,,1076
11470,신정동,호반써밋목동,84.9735,4,2022,2026,1,9,80000,0,신규,26.01~28.01,,,1327
11470,신월동,해태,59.91,5,1999,2026,1,8,33000,0,신규,26.02~28.02,,,514-3
11470,목동,목동신시가지2,152.64,3,1986,2026,1,5,100000,0,신규,26.01~26.04,,,902
11470,신월동,신월시영,43.2,10,1988,2026,1,7,19000,0,신규,26.02~28.02,,,987-1
11470,신정동,신정6현대,84.6,18,2000,2026,1,7,44000,0,갱신,26.01~28.01,43000,,743-2
11470,목동,롯데캐슬위너,114.75,20,2005,2026,1,8,90000,0,신규,26.01~28.01,,,956
11470,목동,목동센트럴푸르지오,118.8208,10,2015,2026,1,7,158000,0,신규,26.03~28.03,,,404-13
11470,신월동,목동센트럴아이파크위브1단지,84.98,9,2020,2026,1,7,63000,0,갱신,26.02~28.02,60000,,1075
11470,신정동,목동힐스테이트,59.95,9,2016,2026,1,6,66000,0,갱신,26.01~28.01,66000,,1323
11470,목동,목동신시가지5,65.08,4,1986,2026,1,6,73000,0,신규,26.02~28.02,,,912
11470,신정동,목동삼성쉐르빌Ⅱ,164.98,13,2004,2026,1,7,141750,0,갱신,26.02~28.02,135000,,318-12
11470,신월동,양천벽산블루밍2단지,59.99,9,2006,2026,1,7,38000,0,신규,26.02~28.02,,,1027
11470,신정동,목동우성2,113.91,10,2000,2026,1,6,61000,0,갱신,26.01~28.01,59500,,337
11470,신정동,목동신시가지8,71.77,17,1987,2026,1,7,60000,0,신규,26.01~28.01,,,314
11470,신정동,목동신시가지8,54.94,3,1987,2026,1,7,40509,0,갱신,26.02~28.02,38580,,314
11470,목동,진도2,84.75,5,1999,2026,1,7,99000,0,갱신,26.02~28.02,99000,,936
11470,목동,롯데캐슬위너,84.98,12,2005,2026,1,7,59000,0,갱신,26.01~28.01,57000,,956
11470,신정동,목동신시가지10,53.82,12,1987,2026,1,7,42000,0,갱신,26.01~28.01,40000,,311
11470,신정동,목동신시가지12,56.76,1,1988,2026,1,7,33560,0,갱신,26.02~28.02,31970,,326
11470,목동,목동두산위브,112.209,5,2005,2026,1,6,78000,0,신규,26.02~28.02,,,953
11470,목동,목동신시가지3,95.74,1,1986,2026,1,7,88000,0,갱신,26.02~28.02,88000,,903
11470,신정동,제일에비앙101동,82.22,4,2004,2026,1,6,44000,0,신규,26.01~27.09,,,990-16
11470,목동,목동신시가지7,101.2,10,1986,2026,1,7,100000,0,갱신,26.03~28.03,91000,,925
11470,목동,목동신시가지4,65.34,11,1986,2026,1,7,52500,0,갱신,26.01~28.01,50000,,904
11470,신월동,목동센트럴아이파크위브2단지,84.97,16,2020,2026,1,6,69000,0,갱신,26.02~28.02,66000,,1076
11470,신정동,목동신시가지11,51.48,6,1988,2026,1,7,35000,0,신규,26.02~28.02,,,325
11470,신정동,목동삼성,114.93,9,1996,2026,1,7,58000,0,갱신,26.01~28.01,52000,,1278
11470,신정동,유원목동,84.96,6,1990,2026,1,6,80000,0,갱신,26.03~28.03,73000,,87-39
11470,목동,목동신시가지6,65.1,18,1986,2026,1,6,63000,0,신규,26.02~28.02,,,911
11470,목동,현대,59.31,14,1996,2026,1,6,54600,0,갱신,26.02~28.01,52000,,930
11470,목동,세종그랑시아,59.03,2,2003,2026,1,2,50000,0,신규,26.02~28.02,,,722-5
11470,목동,목동청구한신아파트,84.76,12,1997,2026,1,6,86100,0,갱신,26.02~28.01,82000,,929
11470,목동,목동롯데캐슬마에스트로,84.9779,1,2019,2026,1,6,70000,0,신규,26.02~28.02,,,965
11470,신정동,목동힐스테이트,84.98,16,2016,2026,1,6,90000,0,신규,26.01~28.01,,,1323
11470,신정동,신트리4,48.96,10,2000,2026,1,3,31500,0,갱신,26.01~28.01,30000,,1277
11470,신정동,동일하이빌2단지,84.955,13,2005,2026,1,3,55000,0,신규,26.03~28.03,,,1311
11470,신월동,신월시영,59.49,10,1988,2026,1,6,26000,0,신규,26.01~28.01,,,987-1
11470,신정동,목동힐스테이트,84.98,8,2016,2026,1,6,97600,0,신규,26.03~28.03,,,1323
11470,신정동,파인빌,73.138,6,2001,2026,1,5,50000,0,갱신,26.01~28.01,41000,30,339
11470,신정동,이펜하우스3단지,59.93,4,2011,2026,1,6,15819,0,갱신,26.02~28.01,15066,,1316
11470,신정동,목동우성2,84.96,1,2000,2026,1,3,45000,0,신규,26.02~28.02,,,337
11470,목동,목동신시가지6,95.03,6,1986,2026,1,5,95000,0,신규,26.02~28.02,,,911
11470,목동,목동신시가지1,47.52,5,1985,2026,1,5,33500,0,갱신,26.02~28.02,32000,,901
11470,신정동,목동신시가지11,59.29,5,1988,2026,1,5,34000,0,신규,26.03~28.03,,,325
11470,목동,목동청구한신아파트,84.76,9,1997,2026,1,5,97000,0,신규,26.02~28.02,,,929
11470,목동,월드메르디앙2,84.3,7,2003,2026,1,5,82000,0,신규,26.02~28.02,,,948
11470,신정동,이펜하우스1단지,114.98,3,2011,2026,1,5,50800,0,신규,26.01~28.03,,,1321
11470,신정동,신정숲속마을,59.99,3,2016,2026,1,5,29640,0,신규,26.01~28.03,,,1324
11470,신정동,목동신시가지9,71.37,14,1987,2026,1,3,60000,0,신규,26.02~28.02,,,312
11470,목동,목동신시가지4,48.69,1,1986,2026,1,3,28875,0,갱신,26.01~28.01,27500,,904
11470,신정동,세양청마루,84.98,12,2006,2026,1,3,60000,0,갱신,26.03~28.03,55350,,1306
11470,신정동,경남아너스빌,84.98,5,2004,2026,1,3,63000,0,갱신,26.02~28.02,60000,,1307
11470,신정동,목동2삼성래미안,84.65,10,2001,2026,1,2,77000,0,갱신,26.01~28.01,75000,,1295
11470,목동,목동신시가지3,64.98,15,1986,2026,1,3,50000,0,갱신,26.01~28.01,47000,,903
11470,신정동,경남아너스빌,103.45,8,2004,2026,1,3,85000,0,갱신,26.01~28.01,80000,,1307
11470,신정동,목동신시가지10,53.82,13,1987,2026,1,3,43000,0,갱신,26.02~27.02,39000,,311
11470,신정동,아이파크,59.82,19,2002,2026,1,3,70000,0,갱신,26.01~28.01,70000,,1296
11470,신정동,쌍용,84.65,9,1992,2026,1,4,62000,0,갱신,26.02~28.02,60000,,334
11470,신정동,목동우성2,84.96,16,2000,2026,1,3,51000,0,신규,26.03~28.03,,,337
11470,신정동,목동신시가지8,54.94,20,1987,2026,1,3,43000,0,신규,26.01~28.01,,,314
11470,신정동,목동신시가지14,71.4,11,1987,2026,1,2,60000,0,신규,26.02~28.02,,,329
11470,신정동,목동신시가지14,55.02,8,1987,2026,1,2,49000,0,신규,26.03~28.03,,,329
11470,신정동,푸른마을2,49.16,8,2001,2026,1,2,32000,0,신규,26.03~28.03,,,1281
11470,신정동,목동신시가지12,72.75,2,1988,2026,1,2,65000,0,신규,26.02~28.02,,,326
11470,신월동,목동센트럴아이파크위브1단지,59.68,13,2020,2026,1,1,57000,0,신규,26.03~28.03,,,1075
11470,신정동,이펜하우스5단지,114.73,12,2011,2026,1,2,63000,0,신규,26.03~28.03,,,1318
11470,신정동,신트리4,48.96,5,2000,2026,2,8,30000,0,,,,,1277
11470,신월동,신월시영,50.67,11,1988,2026,2,21,24000,0,,,,,987-1
11470,신정동,목동파크자이(101동~108동),84.977,9,2019,2026,2,7,90000,0,,,,,1325
11470,신월동,목동센트럴아이파크위브2단지,59.68,10,2020,2026,2,9,60000,0,,,,,1076
11470,목동,금호1,59.88,11,1997,2026,2,19,70000,0,,,,,934
11470,신정동,목동신시가지12,71.64,9,1988,2026,2,19,43390,0,,,,,326
11470,목동,목동신시가지5,65.08,2,1986,2026,2,11,60000,0,,,,,912
11470,신정동,목동신시가지11,66.24,12,1988,2026,2,6,45000,0,,,,,325
11470,신정동,목동신시가지14,74.19,1,1987,2026,2,22,45000,0,갱신,26.02~28.02,45000,,329
11470,신정동,목동신시가지11,66.24,13,1988,2026,2,25,48000,0,신규,26.05~28.05,,,325
11470,신정동,목동신시가지10,53.82,9,1987,2026,2,21,34650,0,갱신,26.04~28.04,33000,,311
11470,목동,목동신시가지6,47.94,14,1986,2026,2,28,40000,0,신규,26.04~28.04,,,911
11470,신월동,롯데캐슬,59.747,18,2014,2026,2,4,49000,0,갱신,26.03~28.03,42000,,1063
11470,신정동,로마아트빌,79.098,7,2003,2026,2,13,42000,0,갱신,26.06~28.06,35000,,1148-7
11470,목동,목동신시가지5,143.36,7,1986,2026,2,21,110000,0,신규,26.04~28.04,,,912
11470,신월동,신월휘버스,83.3,6,2004,2026,2,11,28000,0,신규,26.04~28.04,,,1024
11470,신정동,목동신시가지12,71.64,13,1988,2026,2,5,55650,0,신규,26.04~28.04,,,326
11470,신정동,장미,74.03,1,1996,2026,2,17,24000,0,갱신,26.02~28.02,24000,,917-10
11470,목동,목동청구한신아파트,84.77,3,1997,2026,2,7,80000,0,갱신,26.02~28.02,55000,40,929
11470,목동,목동신시가지6,115.19,2,1986,2026,2,26,120000,0,갱신,26.02~28.02,110000,,911
11470,신정동,목동신시가지9,158.7,4,1987,2026,2,27,110000,0,갱신,26.02~28.02,94500,,312
11470,목동,목동롯데캐슬마에스트로,59.9846,7,2019,2026,2,28,65100,0,갱신,26.04~27.03,62000,,965
11470,신월동,목동센트럴아이파크위브2단지,59.88,12,2020,2026,2,28,58000,0,신규,26.04~28.04,,,1076
11470,목동,월드메르디앙,84.1969,6,2001,2026,2,19,68000,0,신규,26.03~28.03,,,750-5
11470,신정동,목동신시가지10,53.82,6,1987,2026,2,27,30000,0,신규,26.07~28.07,,,311
11470,신정동,동일하이빌1단지,115.321,11,2005,2026,2,23,66000,0,갱신,26.03~28.03,64000,,1310
11470,신정동,목동신시가지11,66.24,11,1988,2026,2,23,47000,0,신규,26.05~28.05,,,325
11470,목동,롯데캐슬위너,59.98,6,2005,2026,2,12,59850,0,갱신,26.02~28.02,57000,,956
11470,신정동,이펜하우스4단지,84.51,8,2011,2026,2,25,50000,0,갱신,26.04~28.04,49000,,1317
11470,목동,목동신시가지2,97.92,10,1986,2026,2,21,100000,0,신규,26.04~28.04,,,902
11470,목동,목동신시가지3,64.98,12,1986,2026,2,24,56000,0,신규,26.06~28.06,,,903
11470,목동,부영3,238.31,16,2000,2026,2,12,178500,0,갱신,26.02~28.02,170000,,908-34
11470,신정동,신정현대5,114.24,17,1999,2026,2,10,65500,0,신규,26.02~28.02,,,1273
11470,목동,목동신시가지3,145.13,3,1986,2026,2,12,90000,0,신규,26.03~29.03,,,903
11470,신정동,태영데시앙,84.72,8,2002,2026,2,24,45000,0,신규,26.05~28.05,,,1291
11470,신정동,대림,84.89,11,1992,2026,2,21,68250,0,갱신,26.02~28.02,65000,,333
11470,목동,목동신시가지7,53.88,10,1986,2026,2,5,42000,0,갱신,26.04~28.04,40000,,925
11470,목동,목동성원,114.94,10,2000,2026,2,14,80850,0,갱신,26.03~28.03,77000,,763-1
11470,신정동,목동신시가지11,66.24,6,1988,2026,2,25,36383,0,갱신,26.04~28.04,34650,,325
11470,신정동,목동신시가지13,70.73,1,1987,2026,2,10,60000,0,신규,26.05~28.05,,,327
11470,목동,목동신시가지4,47.25,5,1986,2026,2,28,43000,0,신규,26.04~28.04,,,904
11470,목동,목동신시가지2,97.92,14,1986,2026,2,21,86000,0,갱신,26.04~28.04,82000,,902
11470,신정동,목동신시가지14,83.89,18,1987,2026,2,21,65000,0,갱신,26.03~28.03,62000,,329
11470,신정동,목동2삼성래미안,114.16,6,2001,2026,2,26,88000,0,갱신,26.02~29.02,78000,,1295
11470,신정동,목동파크자이(101동~108동),84.993,12,2019,2026,2,21,84000,0,갱신,26.04~28.04,80000,,1325
11470,목동,목동청구한신아파트,84.76,9,1997,2026,2,24,90000,0,신규,26.05~28.05,,,929
11470,신정동,푸른마을3,59.85,2,2001,2026,2,7,39000,0,갱신,26.04~28.04,38000,,1283
11470,신정동,신정6현대,59.4,8,2000,2026,2,21,34000,0,신규,26.03~28.03,,,743-2
11470,목동,목동신시가지3,64.98,7,1986,2026,2,21,71000,0,신규,26.04~28.04,,,903
11470,신정동,목동신시가지12,71.64,4,1988,2026,2,23,59000,0,신규,26.03~28.03,,,326
11470,목동,트라팰리스웨스턴에비뉴,124.95,17,2009,2026,2,28,185000,0,신규,26.04~28.04,,,962
11470,목동,목동신시가지7,64.4,1,1986,2026,2,28,72000,0,신규,26.04~28.04,,,925
11470,목동,목동신시가지2,144,12,1986,2026,2,25,120000,0,갱신,26.03~28.03,110200,,902
11470,신정동,목동신시가지11,66.24,5,1988,2026,2,27,27000,0,신규,26.03~28.03,,,325
11470,신정동,대림,84.89,15,1992,2026,2,7,64000,0,갱신,26.02~28.02,51000,,333
11470,신정동,목동파크자이(101동~108동),84.993,10,2019,2026,2,3,94000,0,갱신,26.02~28.02,84000,,1325
11470,신정동,목동신시가지8,71.77,15,1987,2026,2,10,66150,0,갱신,26.02~28.02,63000,,314
11470,신정동,목동신시가지10,53.82,14,1987,2026,2,14,38000,0,갱신,26.05~28.05,37000,,311
11470,신정동,목동신시가지10,156.87,1,1987,2026,2,9,110000,0,갱신,26.02~28.02,105000,,311
11470,신정동,목동신시가지13,70.73,14,1987,2026,2,7,43000,0,갱신,26.03~28.03,41000,,327
11470,신정동,신호,84.9,4,1997,2026,2,8,50000,0,신규,26.02~27.08,,,948-24
11470,신정동,신트리4,59.73,15,2000,2026,2,20,39000,0,신규,26.05~28.05,,,1277
11470,신월동,신목동파라곤,84.9558,13,2024,2026,2,28,64000,0,신규,26.03~28.03,,,1085
11470,신정동,목동신시가지10,106.06,2,1987,2026,2,23,50000,0,갱신,26.03~28.03,46000,,311
11470,목동,삼익,58.76,7,1997,2026,2,21,55300,0,갱신,26.02~28.02,53000,,933
11470,목동,롯데캐슬위너,84.99,16,2005,2026,2,28,72000,0,갱신,26.05~28.05,66000,,956
11470,목동,애드웰(774-10),73.41,7,2004,2026,2,24,53000,0,갱신,26.03~28.03,53000,,774-10
11470,신월동,신성미소지움,84.57,3,2003,2026,2,27,50000,0,신규,26.05~28.05,,,1020
11470,신정동,목동파크자이(101동~108동),94.012,1,2019,2026,2,12,98000,0,신규,26.03~28.03,,,1325
11470,신월동,목동센트럴아이파크위브1단지,59.68,15,2020,2026,2,21,53550,0,갱신,26.03~28.03,51000,,1075
11470,목동,진도2,59.46,18,1999,2026,2,13,70000,0,갱신,26.04~28.04,70000,,936
11470,목동,목동동화옥시죤-7,84.82,5,2005,2026,2,3,42900,0,갱신,26.03~28.03,40900,,747-12
11470,신정동,이펜하우스1단지,59.93,4,2011,2026,2,23,41000,0,신규,26.05~28.05,,,1321
11470,목동,목동신시가지7,66.6,5,1986,2026,2,21,66150,0,갱신,26.04~28.04,63000,,925
11470,신월동,롯데캐슬,84.984,8,2014,2026,2,26,60000,0,신규,26.04~28.04,,,1063
11470,신정동,세양청마루,84.98,10,2006,2026,2,28,65000,0,신규,26.04~28.04,,,1306
11470,신정동,이펜하우스1단지,84.51,5,2011,2026,2,24,48000,0,신규,26.04~28.04,,,1321
11470,신월동,신월시영,59.49,4,1988,2026,2,26,27000,0,신규,26.04~28.04,,,987-1
11470,신정동,목동신시가지9,106.93,5,1987,2026,2,5,90000,0,신규,26.03~28.03,,,312
11470,신월동,신월시영,50.67,11,1988,2026,2,28,24500,0,갱신,26.02~28.02,23000,,987-1
11470,신정동,목동신시가지13,124.55,4,1987,2026,2,7,90000,0,갱신,26.02~26.08,80000,37,327
11470,신월동,신월시영,59.49,2,1988,2026,2,2,28000,0,신규,26.03~28.03,,,987-1
11470,신월동,태진,84.87,5,1998,2026,2,28,31000,0,갱신,26.04~28.04,31000,,467-3
11470,목동,금호아파트(768),84.92,13,1995,2026,2,28,55000,0,갱신,26.02~28.02,55000,,768-5
11470,신월동,목동센트럴아이파크위브2단지,59.88,20,2020,2026,2,28,52500,0,갱신,26.05~28.05,50000,,1076
11470,신정동,신호,84.9,10,1997,2026,2,28,40000,0,신규,26.05~28.05,,,948-24
11470,목동,목동센트럴푸르지오,84.9914,4,2015,2026,2,28,140000,0,신규,26.04~28.04,,,404-13
11470,신정동,신트리4,59.73,8,2000,2026,2,27,39000,0,신규,26.05~28.05,,,1277
11470,신월동,목동센트럴아이파크위브2단지,59.88,21,2020,2026,2,28,60000,0,신규,26.05~28.05,,,1076
11470,신정동,SM엘루이아파트,62.02,12,2008,2026,2,27,45000,0,갱신,26.02~28.02,44000,,1014-5
11470,신정동,목동신시가지14,55.02,5,1987,2026,2,28,47000,0,신규,26.03~28.03,,,329
11470,신정동,목동신시가지10,70.2,4,1987,2026,2,21,60900,0,갱신,26.02~28.02,58000,,311
11470,신정동,목동삼성,84.77,5,1996,2026,2,28,72000,0,신규,26.04~28.04,,,1278
11470,신정동,푸른마을4,84.81,5,2002,2026,2,10,48000,0,신규,26.05~28.05,,,1285
11470,신월동,목동센트럴아이파크위브2단지,59.88,12,2020,2026,2,28,58000,0,신규,26.05~28.05,,,1076
11470,목동,현대I-PARK,59.65,1,2003,2026,2,10,49350,0,갱신,26.02~28.02,47000,,940
11470,신정동,신정6현대,59.66,5,2000,2026,2,27,40000,0,신규,26.04~28.04,,,743-2
11470,신정동,아이파크,59.82,14,2002,2026,2,27,56000,0,갱신,26.02~28.02,46000,,1296
11470,신정동,목동신시가지12,71.64,13,1988,2026,2,7,60000,0,신규,26.03~28.03,,,326
11470,신정동,목동신시가지14,55.02,12,1987,2026,2,13,39500,0,갱신,26.02~28.02,38000,,329
11470,목동,트라팰리스이스턴에비뉴,124.95,15,2009,2026,2,27,168000,0,갱신,26.02~28.02,160000,,962-1
11470,신정동,목동신시가지14,108.28,5,1987,2026,2,23,82000,0,갱신,26.02~28.02,82000,,329
11470,목동,목동신시가지4,67.58,8,1986,2026,2,5,63000,0,갱신,26.02~28.02,60000,,904
11470,신월동,신안약수,84.56,10,1985,2026,2,26,45000,0,신규,26.04~28.04,,,591-1
11470,목동,목동신시가지4,142.2,4,1986,2026,2,3,145000,0,갱신,26.02~28.02,115500,,904
11470,목동,롯데캐슬위너,59.98,1,2005,2026,2,27,50000,0,갱신,26.03~28.03,50000,,956
11470,목동,목동신시가지1,65.34,8,1985,2026,2,27,57750,0,갱신,26.02~28.02,55000,,901
11470,신정동,목동신시가지12,71.64,11,1988,2026,2,27,55000,0,갱신,26.04~28.04,51000,,326
11470,신월동,길훈,42.57,3,1987,2026,2,6,13000,0,신규,26.02~28.02,,,341-1
11470,신정동,목동신시가지11,66.24,8,1988,2026,2,27,42000,0,갱신,26.04~28.04,40000,,325
11470,목동,트라팰리스웨스턴에비뉴,124.95,21,2009,2026,2,7,168000,0,갱신,26.02~28.02,160000,,962
11470,신월동,목동센트럴아이파크위브1단지,84.97,7,2020,2026,2,26,59000,0,갱신,26.05~28.05,57000,,1075
11470,목동,목동신시가지3,95.16,4,1986,2026,2,4,97600,0,갱신,26.02~28.02,93000,,903
11470,신정동,목동신시가지14,55.02,5,1987,2026,2,5,39000,0,갱신,26.02~28.02,37000,,329
11470,신월동,신성미소지움3차아파트,84.8,8,2007,2026,2,21,43000,0,신규,26.04~28.04,,,1045
11470,목동,롯데캐슬위너,114.75,6,2005,2026,2,25,100000,0,신규,26.05~28.05,,,956
11470,신정동,심미,81.88,5,2002,2026,2,14,40000,0,갱신,26.02~28.02,44000,,916-15
11470,신월동,신월시영,43.2,7,1988,2026,2,24,15000,0,갱신,26.05~28.05,15000,,987-1
11470,신월동,나산,59.9,5,1997,2026,2,25,26000,0,신규,26.04~28.04,,,217-2
11470,신정동,목동신시가지14,71.37,4,1987,2026,2,21,54500,0,갱신,26.03~28.03,52000,,329
11470,신정동,학마을1단지,59.98,6,2000,2026,2,26,34000,0,신규,26.03~28.03,,,1293
11470,신정동,래미안목동아델리체(101동~118동),84.58,12,2021,2026,2,25,86600,0,신규,26.05~28.05,,,1326
11470,신월동,신월시영,50.67,10,1988,2026,2,26,24000,0,신규,26.04~28.04,,,987-1
11470,목동,목동신시가지1,51.48,14,1985,2026,2,26,42000,0,갱신,26.03~28.03,42000,,901
11470,목동,현대I-PARK,100.45,8,2003,2026,2,26,95000,0,갱신,26.02~28.02,93000,,940
11470,신정동,호반써밋목동,84.9224,3,2022,2026,2,26,79000,0,신규,26.04~28.04,,,1327
11470,신정동,목동신시가지13,53.9,14,1987,2026,2,26,47000,0,신규,26.04~28.04,,,327
11470,신정동,목동신시가지14,84.87,9,1987,2026,2,19,73250,0,갱신,26.02~28.02,68250,,329
11470,목동,목동신시가지4,67.58,12,1986,2026,2,24,65100,0,갱신,26.03~28.03,62000,,904
11470,신월동,길훈,49.77,5,1987,2026,2,25,15000,0,갱신,26.02~28.02,12600,,341-1
11470,신월동,양천벽산블루밍2단지,84.77,5,2006,2026,2,26,42000,0,갱신,26.02~28.02,30000,23,1027
11470,신정동,유원목동,84.96,4,1990,2026,2,25,73500,0,갱신,26.02~28.02,70000,,87-39
11470,목동,목동신시가지2,95.67,8,1986,2026,2,7,92400,0,갱신,26.02~28.02,88000,,902
11470,신정동,래미안목동아델리체(101동~118동),84.95,7,2021,2026,2,4,94000,0,신규,26.02~28.02,,,1326
11470,목동,목동신시가지2,95.22,3,1986,2026,2,24,94500,0,갱신,26.03~28.03,90000,,902
11470,신월동,용민홈타워빌,83.96,4,2003,2026,2,10,35000,0,신규,26.05~28.05,,,986-8
11470,신정동,목동신시가지9,53.82,8,1987,2026,2,25,50000,0,갱신,26.04~28.04,33000,,312
11470,신정동,목동신시가지8,71.77,18,1987,2026,2,21,65000,0,신규,26.04~28.04,,,314
11470,신정동,목동신시가지8,71.77,18,1987,2026,2,21,65000,0,신규,26.04~28.04,,,314
11470,목동,대원칸타빌2,84.98,6,2003,2026,2,25,71000,0,신규,26.03~28.03,,,941
11470,신정동,목동신시가지10,53.82,14,1987,2026,2,21,40000,0,신규,26.04~28.04,,,311
11470,신정동,목동우성2,84.96,15,2000,2026,2,24,50400,0,갱신,26.03~28.03,48000,,337
11470,신정동,대림아크로빌,174.25,15,2003,2026,2,2,132000,0,신규,26.06~28.06,,,324-7
11470,신정동,목동힐스테이트,84.98,13,2016,2026,2,25,95550,0,갱신,26.05~28.05,91000,,1323
11470,신정동,목동신시가지14,108.28,9,1987,2026,2,24,92000,0,신규,26.04~28.04,,,329
11470,목동,목동신시가지6,47.94,20,1986,2026,2,9,42000,0,갱신,26.02~28.02,40000,,911
11470,신월동,신월동금용,59.99,7,1998,2026,2,21,29500,0,신규,26.05~28.05,,,533-1
11470,목동,목동신시가지7,74.12,2,1986,2026,2,21,78750,0,갱신,26.02~28.02,75000,,925
11470,신정동,목동신시가지13,151.76,13,1987,2026,2,13,99750,0,갱신,26.03~28.03,95000,,327
11470,신정동,목동힐스테이트,84.98,11,2016,2026,2,25,91000,0,신규,26.04~28.04,,,1323
11470,목동,금호1,84.96,7,1997,2026,2,21,99250,0,갱신,26.02~28.02,99250,,934
11470,목동,금호1,59.88,22,1997,2026,2,20,80000,0,신규,26.04~28.04,,,934
11470,신정동,목동우성2,113.91,1,2000,2026,2,13,55000,0,갱신,26.02~28.02,52000,,337
11470,목동,금호아파트(768),59.67,7,1995,2026,2,24,44000,0,갱신,26.03~28.03,38000,,768-5
11470,신정동,목동신시가지8,54.94,11,1987,2026,2,25,42000,0,갱신,26.02~28.02,37000,,314
11470,신정동,신트리3,84.97,11,2000,2026,2,4,58000,0,신규,26.04~28.04,,,1276
11470,목동,목동신시가지7,64.4,1,1986,2026,2,14,67000,0,신규,26.05~28.05,,,925
11470,목동,목동신시가지3,64.98,2,1986,2026,2,11,54600,0,갱신,26.02~28.02,52000,,903
11470,신정동,목동신시가지14,74.19,12,1987,2026,2,24,50000,0,신규,26.04~28.04,,,329
11470,신정동,목동신시가지14,55.02,13,1987,2026,2,24,50000,0,신규,26.04~28.04,,,329
11470,신정동,푸른마을4,84.81,5,2002,2026,2,25,38850,0,갱신,26.03~28.03,37000,,1285
11470,신월동,신월시영,50.67,11,1988,2026,2,21,24000,0,신규,26.04~28.04,,,987-1
11470,신정동,대림e-편한세상,84.985,22,2004,2026,2,21,55000,0,신규,26.05~28.05,,,1303
11470,목동,목동신시가지1,88.5,1,1985,2026,2,23,84000,0,갱신,26.04~28.04,80000,,901
11470,신정동,푸른마을3,59.99,9,2001,2026,2,23,32000,0,신규,26.03~28.03,,,1283
11470,신정동,목동신시가지11,51.48,1,1988,2026,2,24,28938,0,갱신,26.04~28.05,27560,,325
11470,신정동,신정6현대,59.4,2,2000,2026,2,12,33000,0,신규,26.03~28.03,,,743-2
11470,신정동,춘당아네시스,102.51,3,2004,2026,2,24,63650,0,갱신,26.03~28.03,53550,,889-15
11470,신정동,학마을1단지,49.99,14,2000,2026,2,21,24100,0,갱신,26.03~28.03,23000,,1293
11470,신정동,목동힐스테이트,84.98,16,2016,2026,2,24,80000,0,신규,26.02~28.02,,,1323
11470,신월동,목동센트럴아이파크위브4단지,84.98,13,2020,2026,2,24,70000,0,신규,26.05~28.05,,,1078
11470,신정동,목동신시가지14,55.02,7,1987,2026,2,23,40950,0,갱신,26.03~28.03,39000,,329
11470,목동,목동신시가지5,95.01,4,1986,2026,2,22,73000,0,신규,26.04~28.04,,,912
11470,신정동,목동신시가지14,108.28,13,1987,2026,2,21,81000,0,신규,26.05~28.05,,,329
11470,목동,목동성원(926-8),84.31,2,1997,2026,2,12,100000,0,갱신,26.02~28.02,92000,,926-8
11470,목동,목동신시가지5,95.06,12,1986,2026,2,21,85000,0,신규,26.05~28.05,,,912
11470,신정동,푸른마을3,59.99,9,2001,2026,2,5,37000,0,신규,26.04~28.04,,,1283
11470,신정동,청구,84.99,8,1992,2026,2,22,58800,0,갱신,26.02~28.02,56000,,336
11470,목동,진도1,59.84,3,1998,2026,2,21,55965,0,갱신,26.02~28.02,53300,,935
11470,신정동,호반써밋목동,84.9828,15,2022,2026,2,23,80000,0,신규,26.05~28.05,,,1327
11470,목동,진도1,59.84,2,1998,2026,2,13,53000,0,갱신,26.02~28.02,43000,,935
11470,신월동,코아루1단지,84.95,3,2009,2026,2,14,40000,0,신규,26.02~28.02,,,197-2
11470,신정동,목동신시가지11,51.48,15,1988,2026,2,23,36000,0,신규,26.05~28.05,,,325
11470,신정동,호반써밋목동,84.9224,16,2022,2026,2,21,83000,0,신규,26.05~28.05,,,1327
11470,신정동,목동신시가지13,70.73,4,1987,2026,2,23,65000,0,신규,26.05~28.05,,,327
11470,신정동,목동신시가지11,66.24,14,1988,2026,2,21,44000,0,신규,26.04~28.04,,,325
11470,신정동,목동신시가지11,51.48,1,1988,2026,2,23,28000,0,신규,26.04~28.04,,,325
11470,신정동,푸른마을3,59.99,9,2001,2026,2,22,32000,0,신규,26.03~28.03,,,1283
11470,목동,목동금호베스트빌,96.83,5,2002,2026,2,20,62000,0,신규,26.04~28.04,,,549
11470,신정동,목동신시가지8,54.94,5,1987,2026,2,20,30000,0,신규,26.05~28.05,,,314
11470,목동,극동늘푸른,59.91,6,1998,2026,2,5,59000,0,신규,26.05~28.05,,,752-1
11470,신월동,목동센트럴아이파크위브4단지,84.97,17,2020,2026,2,23,63000,0,갱신,26.03~28.03,60000,,1078
11470,신정동,목동신시가지12,71.64,13,1988,2026,2,23,48300,0,갱신,26.04~28.04,46000,,326
11470,신정동,목동신시가지10,106.06,5,1987,2026,2,9,75000,0,갱신,26.02~28.02,73800,,311
11470,신월동,금강,84.9,7,1998,2026,2,21,38000,0,신규,26.04~28.04,,,207-24
11470,신월동,목동센트럴아이파크위브4단지,84.97,4,2020,2026,2,13,70000,0,신규,26.04~28.04,,,1078
11470,목동,목동이-편한세상,84.93,4,2006,2026,2,12,80000,0,갱신,26.03~28.03,80000,,950
11470,목동,목동신시가지5,95.06,8,1986,2026,2,21,80000,0,신규,26.04~28.04,,,912
11470,신정동,목동우성2,84.96,2,2000,2026,2,21,55000,0,신규,26.05~28.05,,,337
11470,목동,목동신시가지3,64.98,11,1986,2026,2,12,56000,0,신규,26.04~28.04,,,903
11470,신정동,푸른마을4,84.81,5,2002,2026,2,13,46000,0,신규,26.04~28.04,,,1285
11470,목동,현대하이페리온,151.56,30,2003,2026,2,5,230000,0,갱신,26.02~28.02,220000,,916
11470,목동,목동신시가지1,47.52,5,1985,2026,2,7,27550,0,갱신,26.03~28.03,26250,,901
11470,신정동,목동힐스테이트,84.98,16,2016,2026,2,22,97000,0,신규,26.02~28.02,,,1323
11470,신월동,신정두산위브,75.63,5,2012,2026,2,20,50000,0,신규,26.03~28.03,,,1055
11470,신월동,신정두산위브,84.04,20,2012,2026,2,7,58000,0,신규,26.04~28.04,,,1055
11470,신정동,목동신시가지8,54.94,6,1987,2026,2,21,50000,0,신규,26.04~28.04,,,314
11470,목동,부영3,198.2,17,2000,2026,2,9,150000,0,신규,26.04~28.04,,,908-34
11470,목동,목동신시가지7,66.6,5,1986,2026,2,21,68000,0,갱신,26.03~28.03,62000,,925
11470,목동,목동신시가지5,65.08,14,1986,2026,2,21,55000,0,신규,26.04~28.04,,,912
11470,신월동,목동센트럴아이파크위브4단지,84.97,12,2020,2026,2,21,70000,0,갱신,26.05~28.05,70000,,1078
11470,신월동,목동센트럴아이파크위브2단지,84.97,15,2020,2026,2,21,57000,0,갱신,26.03~28.03,55000,,1076
11470,신정동,목동신시가지8,71.77,18,1987,2026,2,21,65000,0,신규,26.04~28.04,,,314
11470,신정동,목동신시가지14,108.28,14,1987,2026,2,20,88000,0,신규,26.04~28.04,,,329
11470,목동,목동신시가지3,95.74,4,1986,2026,2,20,95000,0,갱신,26.02~28.02,95000,,903
11470,목동,목동신시가지2,97.92,10,1986,2026,2,21,100000,0,신규,26.05~28.05,,,902
11470,목동,금호1,59.88,22,1997,2026,2,20,80000,0,신규,26.04~28.04,,,934
11470,목동,진도1,59.84,13,1998,2026,2,21,50000,0,신규,26.04~28.04,,,935
11470,목동,목동신시가지2,65.25,6,1986,2026,2,3,60000,0,신규,26.02~28.02,,,902
11470,목동,목동신시가지3,95.16,5,1986,2026,2,7,100000,0,갱신,26.02~28.02,97000,,903
11470,목동,현대I-PARK,82.81,5,2003,2026,2,20,94000,0,갱신,26.02~28.02,90000,,940
11470,신정동,목동신시가지10,53.82,15,1987,2026,2,10,38000,0,신규,26.03~28.03,,,311
11470,목동,목동신시가지1,154.44,13,1985,2026,2,20,125000,0,신규,26.04~28.04,,,901
11470,목동,목동신시가지7,66.6,3,1986,2026,2,20,78000,0,신규,26.05~28.05,,,925
11470,목동,목동신시가지6,47.94,3,1986,2026,2,20,36178,0,갱신,26.02~28.02,34178,,911
11470,목동,목동신시가지1,51.48,7,1985,2026,2,20,47000,0,갱신,26.02~28.02,45000,,901
11470,목동,하이페리온2,119.369,5,2006,2026,2,7,157500,0,갱신,26.02~28.02,150000,,961
11470,목동,목동신시가지6,47.94,4,1986,2026,2,20,40000,0,신규,26.04~28.04,,,911
11470,신월동,신월시영,50.67,12,1988,2026,2,20,22000,0,신규,26.03~28.03,,,987-1
11470,신월동,신정두산위브,75.63,18,2012,2026,2,14,52500,0,갱신,26.03~28.03,50000,,1055
11470,목동,현대I-PARK,100.45,6,2003,2026,2,3,90000,0,갱신,26.02~28.02,82000,,940
11470,신정동,래미안목동아델리체(101동~118동),84.9,3,2021,2026,2,1,81900,0,갱신,26.02~28.02,78000,,1326
11470,목동,목동청구한신아파트,84.76,13,1997,2026,2,19,75200,0,갱신,26.03~28.03,71660,,929
11470,신정동,목동신시가지12,71.64,7,1988,2026,2,14,54000,0,신규,26.04~28.04,,,326
11470,신정동,힐탑이루미,80.64,8,2004,2026,2,19,45000,0,신규,26.03~28.03,,,1305
11470,신정동,힐탑이루미,80.64,8,2004,2026,2,19,45000,0,신규,26.03~28.03,,,1305
11470,신월동,목동센트럴아이파크위브3단지,78.87,4,2020,2026,2,19,55000,0,신규,26.05~28.05,,,1077
11470,신정동,동일하이빌1단지,115.321,2,2005,2026,2,12,62000,0,신규,26.04~28.04,,,1310
11470,신정동,래미안목동아델리체(101동~118동),59.82,12,2021,2026,2,14,75000,0,신규,26.05~28.05,,,1326
11470,신월동,신월시영,50.67,4,1988,2026,2,11,24000,0,신규,26.04~28.04,,,987-1
11470,목동,목동청구한신아파트,84.76,9,1997,2026,2,19,90000,0,신규,26.02~28.02,,,929
11470,신정동,동일하이빌2단지,84.955,10,2005,2026,2,19,55000,0,신규,26.04~28.04,,,1311
11470,신정동,대림아크로빌,174.25,6,2003,2026,2,19,130000,0,갱신,26.02~28.02,115000,,324-7
11470,신정동,목동현대3차,84.77,8,1997,2026,2,19,73500,0,갱신,26.02~28.02,70000,,1279
11470,목동,목동신시가지4,115.65,8,1986,2026,2,4,100000,0,신규,26.03~28.03,,,904
11470,신월동,신안파크,60.2,5,1987,2026,2,14,18000,0,신규,26.03~28.03,,,350-2
11470,신월동,삼성,84.78,4,2002,2026,2,14,34300,0,신규,26.04~28.04,,,558-7
11470,목동,대원칸타빌2,83.72,15,2003,2026,2,19,60700,0,갱신,26.02~28.02,57881,,941
11470,신정동,목동현대3차,101.91,15,1997,2026,2,18,92000,0,신규,26.04~28.04,,,1279
11470,신정동,동문굿모닝탑,183.13,13,2003,2026,2,14,125000,0,신규,26.03~28.03,,,324-10
11470,목동,목동신시가지1,66,7,1985,2026,2,19,60000,0,신규,26.02~28.02,,,901
11470,목동,목동신시가지1,65.34,12,1985,2026,2,10,54500,0,갱신,26.04~28.04,52000,,901
11470,신정동,이펜하우스4단지,84.86,6,2011,2026,2,6,50000,0,갱신,26.02~28.02,49000,,1317
11470,신정동,목동신시가지10,53.82,6,1987,2026,2,7,45000,0,신규,26.04~28.09,,,311
11470,신월동,유림웰스빌,80.02,3,2004,2026,2,9,34000,0,신규,26.03~28.03,,,548-1
11470,신정동,동일하이빌2단지,84.955,1,2005,2026,2,7,52000,0,갱신,26.02~28.02,49000,,1311
11470,목동,목동신시가지7,101.2,10,1986,2026,2,12,107000,0,신규,26.04~28.04,,,925
11470,신월동,목동센트럴아이파크위브2단지,84.98,10,2020,2026,2,13,70000,0,신규,26.03~28.03,,,1076
11470,신정동,목동우성3,84.73,11,1999,2026,2,12,48000,0,신규,26.03~28.03,,,338
11470,신정동,목동신시가지11,51.48,5,1988,2026,2,4,31500,0,갱신,26.03~28.03,30060,,325
11470,신정동,목동신시가지8,105.35,7,1987,2026,2,13,130000,0,신규,26.06~28.06,,,314
11470,목동,벽산,84.71,1,1991,2026,2,13,90000,0,신규,26.04~28.04,,,926-7
11470,목동,목동신시가지7,66.6,8,1986,2026,2,18,67200,0,갱신,26.02~28.02,64000,,925
11470,목동,목동신시가지7,66.6,3,1986,2026,2,6,52500,0,신규,26.03~28.03,,,925
11470,신정동,목동2삼성래미안,59.54,11,2001,2026,2,13,63000,0,신규,26.07~28.07,,,1295
11470,신정동,목동신시가지14,108.28,5,1987,2026,2,11,80000,0,갱신,26.02~28.02,76500,,329
11470,목동,목동현대1,59.9,11,1997,2026,2,2,56720,0,갱신,26.03~28.03,54020,,932
11470,신월동,신월휘버스,83.3,6,2004,2026,2,11,28000,0,신규,26.04~28.04,,,1024
11470,신정동,학마을1단지,49.98,15,2000,2026,2,13,30400,0,갱신,26.02~28.02,29000,,1293
11470,목동,목동신시가지2,95.67,11,1986,2026,2,13,95000,0,갱신,26.02~28.02,92000,,902
11470,목동,목동신시가지6,65.1,13,1986,2026,2,11,70000,0,신규,26.05~28.05,,,911
11470,신정동,목동신시가지8,54.94,10,1987,2026,2,13,44000,0,갱신,26.02~28.02,42000,,314
11470,신정동,신정숲속마을,49.99,13,2016,2026,2,13,20580,0,갱신,26.03~28.02,19600,,1324
11470,신월동,목동센트럴아이파크위브4단지,52.85,12,2020,2026,2,13,48300,0,갱신,26.02~28.02,46000,,1078
11470,신정동,목동신시가지13,98.63,2,1987,2026,2,6,68000,0,갱신,26.04~28.04,65000,,327
11470,목동,목동성원(926-8),59.4,10,1997,2026,2,7,66150,0,갱신,26.03~28.03,63000,,926-8
11470,신정동,목동신시가지9,71.37,3,1987,2026,2,12,70000,0,신규,26.05~28.05,,,312
11470,신정동,목동신시가지12,71.64,13,1988,2026,2,13,50000,0,갱신,26.02~28.01,48250,,326
11470,목동,목동신시가지2,95.76,2,1986,2026,2,10,92000,0,신규,26.03~28.03,,,902
11470,신정동,목동신시가지14,108.28,6,1987,2026,2,6,90000,0,신규,26.04~28.04,,,329
11470,목동,목동청구한신아파트,84.77,7,1997,2026,2,9,78000,0,갱신,26.02~28.02,75000,,929
11470,신정동,목동신시가지12,71.64,12,1988,2026,2,12,57000,0,신규,26.04~28.04,,,326
11470,신월동,길훈,49.77,5,1987,2026,2,12,15700,0,갱신,26.03~28.03,15000,,341-1
11470,신정동,신트리1,59.73,5,1999,2026,2,12,43500,0,신규,26.04~28.04,,,1259
11470,신월동,신월2차미소지움,83.47,7,2005,2026,2,9,49000,0,신규,26.04~28.04,,,1040
11470,신월동,신안파크,56.78,2,1987,2026,2,6,18000,0,신규,26.03~28.03,,,350-2
11470,신월동,벽산블루밍2단지,59.822,8,2003,2026,2,11,47000,0,신규,26.02~28.02,,,1023
11470,신정동,이펜하우스4단지,84.96,5,2011,2026,2,12,50000,0,신규,26.05~28.05,,,1317
11470,신월동,신월휘버스,62.53,5,2004,2026,2,12,25200,0,갱신,26.02~28.02,24000,,1024
11470,목동,목동신시가지7,66.6,6,1986,2026,2,12,72000,0,갱신,26.04~28.04,35000,57,925
11470,신월동,나산,84.18,11,1997,2026,2,11,30000,0,신규,26.03~28.03,,,217-2
11470,신월동,목동센트럴아이파크위브3단지,78.87,6,2020,2026,2,12,65000,0,신규,26.04~28.04,,,1077
11470,목동,목동신시가지5,65.08,5,1986,2026,2,11,56700,0,갱신,26.02~28.02,54000,,912
11470,신정동,학마을1단지,49.99,15,2000,2026,2,12,30500,0,신규,26.02~28.02,,,1293
11470,목동,목동성원(926-8),114.95,9,1997,2026,2,11,118500,0,갱신,26.02~28.02,113000,,926-8
11470,신월동,목동센트럴아이파크위브1단지,59.68,19,2020,2026,2,7,60000,0,신규,26.04~28.04,,,1075
11470,목동,목동롯데캐슬마에스트로,84.9779,5,2019,2026,2,11,68200,0,갱신,26.04~28.04,65000,,965
11470,신월동,유림웰스빌,75.82,10,2004,2026,2,12,29500,0,신규,26.04~28.04,,,548-1
11470,신정동,신트리4,49.08,2,2000,2026,2,12,34000,0,갱신,26.03~28.03,33000,,1277
11470,신정동,신트리4,48.96,4,2000,2026,2,12,24000,0,신규,26.04~28.04,,,1277
11470,신월동,목동센트럴아이파크위브1단지,59.68,8,2020,2026,2,12,61500,0,신규,26.02~28.02,,,1075
11470,신정동,현대,84.84,10,1995,2026,2,7,63000,0,갱신,26.02~28.02,60000,,1252
11470,목동,진도1,113.24,6,1998,2026,2,9,100000,0,신규,26.05~28.05,,,935
11470,목동,목동신시가지2,95.67,12,1986,2026,2,12,81900,0,갱신,26.02~28.02,78000,,902
11470,목동,목동신시가지3,95.16,9,1986,2026,2,10,105000,0,갱신,26.02~28.02,101000,,903
11470,신월동,롯데캐슬,59.747,11,2014,2026,2,11,52000,0,신규,26.05~28.05,,,1063
11470,목동,금호어울림,133.03,1,2004,2026,2,11,89250,0,갱신,26.03~28.03,85000,,951
11470,신정동,주안펌니스아파트,89.44,4,2002,2026,2,6,39900,0,갱신,26.03~28.03,38000,,952-3
11470,신정동,목동신시가지10,70.2,8,1987,2026,2,7,54600,0,갱신,26.03~28.03,52000,,311
11470,신정동,자성,83.86,3,2004,2026,2,12,35000,0,신규,26.02~28.02,,,1210-1
11470,신정동,목동삼성쉐르빌Ⅱ,178.94,10,2004,2026,2,10,150000,0,신규,26.04~28.04,,,318-12
11470,신월동,롯데캐슬,59.948,7,2014,2026,2,11,51500,0,신규,26.04~28.04,,,1063
11470,신정동,목동우성2,84.96,17,2000,2026,2,11,52000,0,갱신,26.02~28.02,50000,,337
11470,신정동,신정숲속마을,49.99,12,2016,2026,2,11,20580,0,갱신,26.03~28.02,19600,,1324
11470,목동,목동신시가지3,64.98,4,1986,2026,2,10,57750,0,갱신,26.02~28.02,55000,,903
11470,신정동,목동신시가지12,71.64,9,1988,2026,2,11,56000,0,갱신,26.03~28.03,53000,,326
11470,목동,목동신시가지1,83.23,1,1985,2026,2,11,78750,0,갱신,26.03~28.02,75000,,901
11470,목동,웨스트빌,68.647,1,2004,2026,2,7,40900,0,갱신,26.02~28.02,39000,,949
11470,목동,목동신시가지2,65.82,9,1986,2026,2,7,60900,0,갱신,26.02~28.02,58000,,902
11470,목동,목동2차아이파크,84.85,7,2004,2026,2,10,80000,0,신규,26.05~28.05,,,758-2
11470,신월동,목동센트럴아이파크위브2단지,59.97,8,2020,2026,2,11,55600,0,갱신,26.02~28.02,53000,,1076
11470,신정동,심미에셈빌,82.33,3,2001,2026,2,11,40000,0,신규,26.03~28.03,,,883
11470,신정동,목동신시가지9,53.82,8,1987,2026,2,11,34150,0,갱신,26.02~26.04,34150,,312
11470,신월동,양천벽산블루밍2단지,59.98,5,2006,2026,2,11,30000,0,신규,26.04~28.04,,,1027
11470,신월동,벽산블루밍1단지,84.0145,2,2003,2026,2,11,53000,0,신규,26.05~28.05,,,1022
11470,신정동,목동신시가지13,70.73,11,1987,2026,2,10,65000,0,신규,26.03~28.03,,,327
11470,신정동,이펜하우스1단지,84.86,4,2011,2026,2,10,22206,0,갱신,26.03~28.02,21149,,1321
11470,신월동,양천벽산블루밍1단지,59.99,7,2006,2026,2,8,39000,0,신규,26.04~28.04,,,1026
11470,신정동,목동신시가지8,54.94,13,1987,2026,2,9,40000,0,신규,26.03~28.03,,,314
11470,신정동,목동신시가지13,53.9,15,1987,2026,2,9,46000,0,신규,26.04~28.04,,,327
11470,신정동,목동신시가지10,53.82,15,1987,2026,2,10,38000,0,신규,26.03~28.03,,,311
11470,신정동,목동신시가지11,66.24,12,1988,2026,2,6,45000,0,신규,26.03~28.03,,,325
11470,신정동,삼성쉐르빌,78.45,3,2003,2026,2,7,72000,0,갱신,26.02~28.02,67000,,318-10
11470,신정동,목동파크자이(101동~108동),84.977,9,2019,2026,2,8,92000,0,신규,26.03~28.03,,,1325
11470,목동,목동신시가지1,116.29,1,1985,2026,2,6,110000,0,신규,26.03~28.03,,,901
11470,신정동,신정현대5,114.24,18,1999,2026,2,10,71000,0,갱신,26.02~28.04,72000,,1273
11470,신월동,해태,84.93,7,1999,2026,2,10,40500,0,갱신,26.03~28.03,40500,,514-3
11470,목동,삼익,59.87,6,1997,2026,2,9,60000,0,신규,26.03~28.03,,,933
11470,신월동,은성마을승윤노블리안,67.5584,2,2013,2026,2,10,30000,0,갱신,26.02~28.02,28500,,1065
11470,신정동,신트리4,48.96,11,2000,2026,2,9,30000,0,신규,26.04~28.04,,,1277
11470,신정동,이펜하우스3단지,114.98,3,2011,2026,2,9,44100,0,갱신,26.03~28.02,42000,,1316
11470,신정동,목동신시가지11,66.24,11,1988,2026,2,5,42000,0,갱신,26.04~28.04,40000,,325
11470,목동,목동신시가지4,48.69,6,1986,2026,2,7,45000,0,신규,26.02~28.02,,,904
11470,목동,목동신시가지4,47.25,10,1986,2026,2,9,40000,0,갱신,26.02~27.01,40000,,904
11470,신월동,롯데캐슬,84.966,2,2014,2026,2,7,60000,0,신규,26.05~28.05,,,1063
11470,신정동,목동신시가지14,83.31,1,1987,2026,2,6,60000,0,신규,26.04~28.04,,,329
11470,신월동,목동센트럴아이파크위브3단지,78.87,15,2020,2026,2,7,65000,0,신규,26.04~28.04,,,1077
11470,목동,목동신시가지7,59.39,3,1986,2026,2,9,59000,0,신규,26.02~28.02,,,925
11470,목동,목동신시가지2,122.31,1,1986,2026,2,7,117600,0,갱신,26.02~28.02,112000,,902
11470,신정동,파인빌,73.138,2,2001,2026,2,7,47000,0,갱신,26.03~28.03,45000,,339
11470,목동,목동신시가지3,64.98,3,1986,2026,2,9,57500,0,갱신,26.02~28.02,55000,,903
11470,신정동,목동신시가지13,70.73,8,1987,2026,2,6,57000,0,갱신,26.03~28.03,54500,,327
11470,신정동,이펜하우스4단지,84.86,6,2011,2026,2,6,50000,0,갱신,26.02~28.02,49000,,1317
11470,신월동,목동센트럴아이파크위브2단지,84.97,14,2020,2026,2,9,65000,0,갱신,26.04~28.04,63000,,1076
11470,신월동,목동센트럴아이파크위브3단지,52.85,9,2020,2026,2,8,45000,0,신규,26.03~28.03,,,1077
11470,신월동,신월동방원,84.86,13,2004,2026,2,5,37000,0,신규,26.02~28.02,,,1032
11470,신정동,목동신시가지14,108.28,8,1987,2026,2,7,88500,0,신규,26.04~28.04,,,329
11470,목동,목동신시가지1,125.44,3,1985,2026,2,6,105000,0,신규,26.05~28.05,,,901
11470,신정동,목동신시가지12,71.64,8,1988,2026,2,7,47200,0,갱신,26.02~28.02,45000,,326
11470,신정동,목동현대3차,101.91,19,1997,2026,2,7,89000,0,신규,26.03~28.03,,,1279
11470,신정동,목동신시가지11,51.48,13,1988,2026,2,7,38000,0,신규,26.03~28.03,,,325
11470,신정동,신정6현대,59.4,12,2000,2026,2,5,36000,0,신규,26.05~28.05,,,743-2
11470,신정동,호반써밋목동,59.9182,9,2022,2026,2,7,65000,0,갱신,26.03~28.03,52500,50,1327
11470,신월동,코아루2단지,84.95,4,2010,2026,2,7,38000,0,신규,26.05~28.05,,,1058
11470,신월동,길훈,42.57,3,1987,2026,2,6,13000,0,신규,26.02~28.02,,,341-1
11470,목동,목동신시가지5,95.01,4,1986,2026,2,7,84000,0,갱신,26.02~28.02,80000,,912
11470,신월동,목동센트럴아이파크위브4단지,52.85,5,2020,2026,2,7,45000,0,갱신,26.02~27.02,43000,,1078
11470,신월동,대주파크빌,59.98,11,2004,2026,2,9,42000,0,신규,26.04~28.04,,,1028
11470,신정동,목동신시가지11,51.48,11,1988,2026,2,7,37000,0,갱신,26.04~28.04,37000,,325
11470,신정동,목동신시가지14,74.19,4,1987,2026,2,7,57000,0,갱신,26.02~28.02,52000,,329
11470,신정동,목동신시가지14,55.02,11,1987,2026,2,6,40000,0,신규,26.03~28.03,,,329
11470,목동,하이페리온2,155.586,7,2006,2026,2,7,200000,0,신규,26.04~28.04,,,961
11470,신정동,래미안목동아델리체(101동~118동),84.94,6,2021,2026,2,6,81800,0,갱신,26.04~28.04,78000,,1326
11470,신월동,목동센트럴아이파크위브3단지,52.85,11,2020,2026,2,6,48000,0,신규,26.04~28.04,,,1077
11470,신정동,목동신시가지13,70.73,12,1987,2026,2,4,54600,0,갱신,26.02~28.02,52000,,327
11470,신정동,목동신시가지11,59.29,4,1988,2026,2,6,34000,0,갱신,26.02~28.02,34000,,325
11470,신월동,신월시영,59.49,5,1988,2026,2,5,20000,0,갱신,26.03~28.03,20000,,987-1
11470,신정동,이펜하우스2단지,114.98,3,2011,2026,2,6,58000,0,신규,26.03~28.03,,,1322
11470,신정동,목동신시가지12,71.64,6,1988,2026,2,5,52000,0,신규,26.05~28.05,,,326
11470,신정동,목동신시가지11,66.24,11,1988,2026,2,5,48500,0,갱신,26.03~28.03,42000,,325
11470,신정동,목동신시가지11,66.24,2,1988,2026,2,4,57000,0,갱신,26.03~28.03,57000,,325
11470,신월동,목동센트럴아이파크위브3단지,59.88,10,2020,2026,2,6,53500,0,갱신,26.02~28.02,51000,,1077
11470,목동,극동늘푸른,59.91,6,1998,2026,2,5,53000,0,갱신,26.02~28.02,50000,,752-1
11470,목동,목동신시가지2,116.82,12,1986,2026,2,6,107000,0,갱신,26.02~28.02,100000,,902
11470,목동,목동신시가지4,47.25,1,1986,2026,2,4,45000,0,신규,26.03~28.03,,,904
11470,신정동,학마을1단지,49.99,8,2000,2026,2,5,25400,0,갱신,26.02~27.02,24200,,1293
11470,신정동,목동신시가지14,55.02,11,1987,2026,2,5,40900,0,신규,26.04~28.04,,,329
11470,신정동,목동신시가지14,55.02,7,1987,2026,2,4,42000,0,갱신,26.03~28.03,40000,,329
11470,목동,현대하이페리온,154.05,35,2003,2026,2,5,157500,0,갱신,26.02~28.02,150000,,916
11470,신정동,목동신시가지9,53.82,1,1987,2026,2,5,50000,0,신규,26.04~28.04,,,312
11470,신월동,목동센트럴아이파크위브3단지,52.85,10,2020,2026,2,5,47250,0,갱신,26.05~28.05,45000,,1077
11470,신정동,현대,84.14,5,1995,2026,2,4,63000,0,갱신,26.02~28.02,60000,,1252
11470,목동,목동신시가지4,95.34,9,1986,2026,2,1,89200,0,갱신,26.02~28.02,85000,,904
11470,신정동,대림e-편한세상,84.985,10,2004,2026,2,4,52500,0,갱신,26.02~28.02,50000,,1303
11470,신월동,신안약수,84.56,10,1985,2026,2,4,40000,0,갱신,26.02~28.02,35000,,591-1
11470,목동,목동신시가지1,66,2,1985,2026,2,5,46800,0,갱신,26.03~28.03,44800,,901
11470,신정동,동일하이빌2단지,84.955,21,2005,2026,2,4,59000,0,신규,26.05~28.05,,,1311
11470,신정동,목동신시가지9,156.84,15,1987,2026,2,2,97000,0,갱신,26.02~28.02,93000,,312
11470,신월동,신안파크,72.97,3,1987,2026,2,5,25000,0,신규,26.04~28.04,,,350-2
11470,목동,목동이-편한세상,134.77,5,2006,2026,2,4,113000,0,갱신,26.03~28.03,105000,,950
11470,목동,목동청구한신아파트,84.77,5,1997,2026,2,4,90000,0,갱신,26.02~28.02,75000,,929
11470,목동,목동신시가지1,154.44,13,1985,2026,2,4,120000,0,갱신,26.02~28.02,120000,,901
11470,신정동,학마을1단지,49.99,1,2000,2026,2,4,29000,0,신규,26.04~28.04,,,1293
11470,목동,목4현대,84.99,2,1997,2026,2,4,57750,0,갱신,26.02~28.02,55000,,755-1
11470,신월동,수명산롯데캐슬,84.96,5,2008,2026,2,4,51000,0,신규,26.03~28.03,,,1036
11470,신월동,수명산롯데캐슬,84.96,6,2008,2026,2,4,51000,0,신규,26.04~28.04,,,1036
11470,신정동,목동신시가지14,108.28,15,1987,2026,2,3,89250,0,갱신,26.04~28.04,85000,,329
11470,신정동,목동파크자이(101동~108동),84.977,7,2019,2026,2,2,93000,0,갱신,26.02~28.02,93000,,1325
11470,목동,목동롯데캐슬마에스트로,59.984,12,2019,2026,2,4,60000,0,갱신,26.02~28.02,58000,,965
11470,신정동,목동신시가지10,106.06,2,1987,2026,2,3,78750,0,갱신,26.03~28.03,75000,,311
11470,신정동,목동신시가지14,55.02,11,1987,2026,2,3,40900,0,신규,26.04~28.04,,,329
11470,신월동,양천홈타운2차아파트,29.65,2,2019,2026,2,4,20000,0,신규,26.03~28.03,,,461-5
11470,신월동,대주파크빌,84.89,10,2004,2026,2,3,45000,0,신규,26.04~28.04,,,1028
11470,신월동,양천홈타운2차아파트,29.65,2,2019,2026,2,4,20000,0,신규,26.03~28.03,,,461-5
11470,신정동,호반써밋목동,59.9488,8,2022,2026,2,3,59000,0,신규,26.04~28.04,,,1327
11470,목동,목동신시가지1,65.34,3,1985,2026,2,2,68250,0,갱신,26.02~28.02,65000,,901
11470,목동,목동신시가지4,65.34,18,1986,2026,2,3,61950,0,갱신,26.02~28.02,59000,,904
11470,신정동,목동신시가지14,108.28,12,1987,2026,2,3,84000,0,신규,26.05~28.05,,,329
11470,목동,효원빌라트,160.36,6,1994,2026,2,3,65000,0,갱신,26.02~28.05,60000,,135-6
11470,신정동,목동신시가지13,156.62,5,1987,2026,2,3,90000,0,갱신,26.03~28.03,87700,,327
11470,신월동,신월시영,43.2,3,1988,2026,2,2,16700,0,갱신,26.02~28.02,15700,,987-1
11470,목동,목동신시가지5,95.06,2,1986,2026,2,3,86000,0,신규,26.03~28.03,,,912
11470,신정동,목동신시가지11,66.24,14,1988,2026,2,3,47000,0,신규,26.03~28.03,,,325
11470,신월동,목동센트럴아이파크위브2단지,84.98,12,2020,2026,2,3,64000,0,갱신,26.02~28.02,54000,,1076
11470,신정동,목동신시가지13,151.76,4,1987,2026,2,2,99000,0,갱신,26.02~28.02,95000,,327
11470,신정동,신정숲속마을,49.99,11,2016,2026,2,3,20580,0,갱신,26.03~28.02,19600,,1324
11470,신월동,신월시영,43.2,8,1988,2026,2,2,21000,0,신규,26.04~28.04,,,987-1
11470,신월동,신월시영,43.2,4,1988,2026,2,2,20000,0,신규,26.03~28.03,,,987-1
11470,신정동,신트리1,49.8,11,1999,2026,2,2,37000,0,신규,26.03~28.03,,,1259
11470,신월동,스카이캐슬아파트(512-8),52.82,5,2020,2026,2,2,33500,0,신규,26.02~28.02,,,512-8
11470,목동,목동신시가지2,97.92,10,1986,2026,2,2,87000,0,신규,26.02~28.02,,,902
11470,신정동,목동신시가지9,156.84,15,1987,2026,2,2,97000,0,갱신,26.02~28.02,93000,,312
11470,신정동,중앙하이츠,134.98,4,2010,2026,2,2,80000,0,신규,26.04~28.04,,,1314
11470,신정동,청구,84.99,15,1992,2026,2,2,60000,0,갱신,26.02~28.02,58000,,336
11470,신정동,목동신시가지9,71.37,2,1987,2026,2,2,73000,0,갱신,26.02~28.08,66450,,312
11470,신정동,신트리1,49.8,9,1999,2026,2,2,27700,0,갱신,26.02~28.02,26400,,1259
11470,신월동,태산,57.2,9,2015,2026,2,2,31500,0,갱신,26.02~28.02,30000,,520-8
11470,신정동,목동신시가지9,71.37,2,1987,2026,2,2,73000,0,갱신,26.02~28.08,66450,,312
11470,신정동,목동신시가지14,71.4,9,1987,2026,3,3,52500,0,,,,,329
11470,목동,목동신시가지7,101.2,10,1986,2026,3,14,112000,0,,,,,925
11470,신정동,목동신시가지8,54.94,11,1987,2026,3,14,55000,0,,,,,314
11470,신정동,쌍용,84.63,1,1992,2026,3,10,63000,0,,,,,334
11470,신월동,롯데캐슬(1057-0),59.88,9,2010,2026,3,7,39000,0,,,,,1057
11470,목동,목동신시가지2,95.4,4,1986,2026,3,6,92000,0,,,,,902
11470,신정동,팰리스필,80.11,4,2002,2026,3,17,43000,0,신규,26.07~28.07,,,872-6
11470,신정동,이펜하우스3단지,84.86,4,2011,2026,3,19,30429,0,갱신,26.04~28.03,28980,,1316
11470,신월동,목동센트럴아이파크위브2단지,52.85,10,2020,2026,3,20,48000,0,갱신,26.05~28.05,29400,,1076
11470,신정동,이펜하우스3단지,84.86,5,2011,2026,3,20,30429,0,갱신,26.04~28.03,28980,,1316
11470,신정동,신정6현대,114.8,13,2000,2026,3,20,53970,0,갱신,26.03~28.03,51400,,743-2
11470,목동,목동신시가지1,88.5,10,1985,2026,3,3,85000,0,갱신,26.05~28.05,81000,,901
11470,목동,목동신시가지6,47.94,7,1986,2026,3,3,42000,0,신규,26.05~28.05,,,911
11470,신월동,목동센트럴아이파크위브4단지,84.97,7,2020,2026,3,12,68250,0,갱신,26.05~28.05,65000,,1078
11470,목동,목동신시가지3,122.35,4,1986,2026,3,19,110000,0,신규,26.07~28.07,,,903
11470,신정동,학마을1단지,49.98,2,2000,2026,3,19,27300,0,갱신,26.03~28.03,26000,,1293
11470,신정동,신트리1,49.95,11,1999,2026,3,19,39000,0,신규,26.04~28.04,,,1259
11470,신월동,목동센트럴아이파크위브4단지,84.97,6,2020,2026,3,19,64000,0,갱신,26.04~28.04,61000,,1078
11470,목동,목동신시가지3,95.03,5,1986,2026,3,7,100000,0,갱신,26.04~28.04,100000,,903
11470,목동,목동신시가지7,101.2,3,1986,2026,3,14,100000,0,신규,26.04~28.04,,,925
11470,목동,목동신시가지2,65.82,2,1986,2026,3,11,74000,0,신규,26.03~28.03,,,902
11470,신월동,수명산태승훼미리,84.4,4,2002,2026,3,19,42000,0,갱신,26.04~28.04,40000,,18-17
11470,신정동,목동신시가지12,56.76,5,1988,2026,3,19,31500,0,갱신,26.03~28.03,30000,,326
11470,신정동,목동신시가지14,55.02,6,1987,2026,3,11,40000,0,신규,26.06~28.06,,,329
11470,목동,목동신시가지2,95.4,4,1986,2026,3,6,92000,0,신규,26.05~28.05,,,902
11470,신정동,동원로데오,69.78,1,2006,2026,3,10,47000,0,신규,26.04~28.04,,,1308
11470,신정동,래미안목동아델리체(119동~123동),59.82,6,2021,2026,3,13,63000,0,갱신,26.04~28.04,60000,,1326
11470,목동,목동신시가지7,66.6,6,1986,2026,3,18,71000,0,신규,26.06~28.06,,,925
11470,신월동,신월시영,59.49,12,1988,2026,3,19,22000,0,갱신,26.04~28.04,22000,,987-1
11470,신정동,이펜하우스4단지,114.98,5,2011,2026,3,18,38354,0,갱신,26.04~28.03,36528,,1317
11470,신정동,신정숲속마을,59.99,15,2016,2026,3,18,21704,0,갱신,26.04~28.03,20671,,1324
11470,목동,목동신시가지6,47.94,7,1986,2026,3,19,34440,0,갱신,26.04~28.04,32800,,911
11470,목동,금호어울림,120.12,1,2004,2026,3,16,90000,0,신규,26.05~28.05,,,951
11470,신정동,이펜하우스4단지,84.95,3,2011,2026,3,18,30429,0,갱신,26.04~28.03,28980,,1317
11470,신정동,목동파크자이(101동~108동),84.977,13,2019,2026,3,7,105000,0,신규,26.04~28.04,,,1325
11470,목동,목동가든스위트,144.16,13,1999,2026,3,14,110000,0,신규,26.06~28.06,,,907-5
11470,신월동,목동센트럴아이파크위브3단지,84.98,15,2020,2026,3,14,65000,0,갱신,26.04~28.04,62000,,1077
11470,신정동,이펜하우스1단지,84.51,9,2011,2026,3,17,30429,0,갱신,26.04~28.03,28980,,1321
11470,신정동,호반써밋목동,59.9488,6,2022,2026,3,9,68000,0,신규,26.04~28.04,,,1327
11470,신정동,푸른마을2,49.16,9,2001,2026,3,12,32000,0,신규,26.05~28.05,,,1281
11470,신정동,목동신시가지14,83.89,4,1987,2026,3,11,71000,0,신규,26.06~28.06,,,329
11470,목동,목동신시가지6,95.03,10,1986,2026,3,3,80000,0,신규,26.05~28.05,,,911
11470,신정동,이펜하우스4단지,84.96,10,2011,2026,3,18,30429,0,갱신,26.04~28.03,28980,,1317
11470,신정동,목동신시가지13,98.63,12,1987,2026,3,9,75000,0,신규,26.04~28.04,,,327
11470,신월동,신목동파라곤,59.7052,4,2024,2026,3,5,63000,0,신규,26.05~28.05,,,1085
11470,신월동,로즈그린타운,95.96,6,2000,2026,3,18,31000,0,갱신,26.03~28.03,27000,,535-7
11470,신정동,목동신시가지10,53.82,10,1987,2026,3,18,35000,0,신규,26.03~28.03,,,311
11470,신정동,신정숲속마을,49.99,19,2016,2026,3,18,17797,0,갱신,26.04~28.03,16950,,1324
11470,신정동,목동신시가지8,54.94,10,1987,2026,3,11,50000,0,갱신,26.05~28.05,45000,,314
11470,신정동,대림,84.89,8,1992,2026,3,16,70000,0,갱신,26.03~28.03,57750,,333
11470,목동,목동청구한신아파트,84.77,4,1997,2026,3,10,80000,0,신규,26.05~28.05,,,929
11470,신월동,목동센트럴아이파크위브4단지,52.85,7,2020,2026,3,17,47000,0,갱신,26.03~28.03,45000,,1078
11470,목동,롯데캐슬위너,84.94,4,2005,2026,3,14,65000,0,갱신,26.03~28.11,54000,,956
11470,신정동,이펜하우스1단지,84.86,6,2011,2026,3,17,30429,0,갱신,26.04~28.03,28980,,1321
11470,신정동,래미안목동아델리체(101동~118동),84.95,11,2021,2026,3,12,92000,0,갱신,26.03~28.02,85000,,1326
11470,신정동,이펜하우스1단지,84.86,3,2011,2026,3,17,30429,0,갱신,26.04~28.03,28980,,1321
11470,신정동,푸른마을4,84.99,13,2002,2026,3,10,49000,0,신규,26.06~28.06,,,1285
11470,목동,목동신시가지3,95.74,1,1986,2026,3,9,93000,0,신규,26.04~28.04,,,903
11470,신정동,신트리1,59.73,14,1999,2026,3,3,45000,0,신규,26.04~28.04,,,1259
11470,신정동,이펜하우스4단지,114.98,10,2011,2026,3,17,45520,0,갱신,26.04~28.03,45520,,1317
11470,신정동,이펜하우스1단지,84.51,1,2011,2026,3,17,30429,0,갱신,26.04~28.03,28980,,1321
11470,신정동,이펜하우스1단지,84.86,11,2011,2026,3,17,30429,0,갱신,26.04~28.03,28980,,1321
11470,신월동,벽산블루밍1단지,84.0145,6,2003,2026,3,7,48000,0,갱신,26.05~28.05,45000,,1022
11470,신월동,목동센트럴아이파크위브2단지,59.88,13,2020,2026,3,17,56000,0,신규,26.06~28.06,,,1076
11470,신정동,이펜하우스1단지,84.86,9,2011,2026,3,17,30429,0,갱신,26.04~28.03,28980,,1321
11470,신월동,목동센트럴아이파크위브4단지,84.98,16,2020,2026,3,16,63000,0,갱신,26.05~28.05,60000,,1078
11470,신정동,래미안목동아델리체(101동~118동),84.58,17,2021,2026,3,16,82950,0,갱신,26.04~28.04,79000,,1326
11470,신정동,신트리1,49.95,11,1999,2026,3,14,39000,0,신규,26.04~28.04,,,1259
11470,신정동,이펜하우스3단지,114.98,4,2011,2026,3,7,64000,0,신규,26.06~28.06,,,1316
11470,신정동,일진아이윌,84.982,4,2003,2026,3,13,37000,0,갱신,26.04~28.04,35000,,1218-1
11470,목동,목동신시가지6,115.19,2,1986,2026,3,16,94500,0,신규,26.04~28.04,,,911
11470,목동,목동신시가지1,65.34,10,1985,2026,3,16,65000,0,신규,26.05~28.05,,,901
11470,목동,목동신시가지1,51.48,5,1985,2026,3,13,48300,0,갱신,26.04~28.04,46000,,901
11470,목동,목동신시가지7,64.4,1,1986,2026,3,15,70000,0,신규,26.06~28.06,,,925
11470,목동,금호어울림,133.03,4,2004,2026,3,17,110000,0,갱신,26.04~28.04,110000,,951
11470,신월동,신월대림,114.3,12,2001,2026,3,17,50000,0,신규,26.05~28.05,,,491-1
11470,목동,목동신시가지7,59.39,3,1986,2026,3,7,65000,0,신규,26.06~28.06,,,925
11470,목동,스카이빌아파트,84.51,6,2002,2026,3,16,80000,0,신규,26.04~28.04,,,772-11
11470,신정동,목동신시가지9,71.37,12,1987,2026,3,17,54600,0,갱신,26.04~28.04,52000,,312
11470,신정동,삼성쉐르빌,197.65,16,2003,2026,3,16,200000,0,신규,26.06~28.06,,,318-10
11470,신정동,신트리1,49.95,5,1999,2026,3,14,38000,0,신규,26.04~28.04,,,1259
11470,신월동,목동센트럴아이파크위브3단지,52.85,2,2020,2026,3,13,47000,0,신규,26.06~28.06,,,1077
11470,신정동,학마을1단지,59.98,12,2000,2026,3,12,33200,0,갱신,26.04~27.04,31700,,1293
11470,목동,목동이-편한세상,84.93,7,2006,2026,3,14,70000,0,신규,26.04~27.04,,,950
11470,신정동,목동신시가지11,66.24,2,1988,2026,3,16,42525,0,갱신,26.04~28.04,40500,,325
11470,신월동,목동센트럴아이파크위브2단지,59.68,9,2020,2026,3,7,55650,0,갱신,26.05~28.05,53000,,1076
11470,신월동,신월시영,43.2,7,1988,2026,3,14,20000,0,신규,26.06~28.06,,,987-1
11470,신정동,목동신시가지10,53.82,4,1987,2026,3,16,35169,0,갱신,26.04~28.04,33495,,311
11470,신월동,신안약수,87.17,3,1985,2026,3,14,38000,0,갱신,26.04~28.04,38000,,591-1
11470,목동,목동신시가지6,65.1,15,1986,2026,3,16,63000,0,갱신,26.04~28.02,60000,,911
11470,목동,세종그랑시아,59.03,18,2003,2026,3,16,52500,0,신규,26.05~28.05,,,722-5
11470,신월동,디아이빌101동(331-101),75.99,2,2007,2026,3,16,27000,0,신규,26.04~28.04,,,331-101
11470,신월동,벽산블루밍2단지,84.9285,18,2003,2026,3,14,44000,0,갱신,26.06~28.06,40000,,1023
11470,신월동,레미앙,84.9,3,2004,2026,3,13,33000,0,신규,26.06~28.06,,,1002-1
11470,목동,목동신시가지5,65.08,4,1986,2026,3,14,65000,0,신규,26.05~28.05,,,912
11470,신정동,목동신시가지11,66.24,6,1988,2026,3,9,47000,0,신규,26.05~28.05,,,325
11470,신월동,목동센트럴아이파크위브1단지,84.98,14,2020,2026,3,14,70000,0,신규,26.06~28.06,,,1075
11470,신월동,목동센트럴아이파크위브1단지,59.68,11,2020,2026,3,14,60000,0,신규,26.05~28.05,,,1075
11470,신월동,신월시영,50.67,5,1988,2026,3,14,24000,0,신규,26.06~28.06,,,987-1
11470,신월동,벽산블루밍2단지,84.9285,7,2003,2026,3,7,53000,0,신규,26.05~28.05,,,1023
11470,목동,월드메르디앙,84.1969,3,2001,2026,3,14,49200,0,신규,26.05~28.05,,,750-5
11470,목동,목동롯데캐슬마에스트로,59.9846,11,2019,2026,3,15,70000,0,신규,26.08~28.08,,,965
11470,목동,목동신시가지6,47.94,15,1986,2026,3,14,36900,0,신규,26.04~28.04,,,911
11470,신정동,래미안목동아델리체(101동~118동),84.58,6,2021,2026,3,9,81900,0,갱신,26.03~28.03,78000,,1326
11470,신정동,목동2삼성래미안,84.65,3,2001,2026,3,13,78750,0,갱신,26.06~28.06,75000,,1295
11470,신정동,목동신시가지13,70.73,3,1987,2026,3,13,57000,0,신규,26.05~28.05,,,327
11470,신월동,목동센트럴아이파크위브3단지,52.85,7,2020,2026,3,4,48000,0,갱신,26.04~28.04,42000,,1077
11470,신정동,목동신시가지12,71.64,3,1988,2026,3,7,52500,0,갱신,26.04~28.04,50000,,326
11470,목동,대원칸타빌3,119.46,6,2003,2026,3,13,89000,0,갱신,26.05~28.05,85000,,944
11470,신정동,목동신시가지10,53.82,12,1987,2026,3,13,41000,0,신규,26.04~28.04,,,311
11470,목동,목동신시가지2,83.52,1,1986,2026,3,12,73500,0,갱신,26.06~28.06,70000,,902
11470,신정동,목동신시가지14,55.02,4,1987,2026,3,3,33500,0,신규,26.03~28.03,,,329
11470,신정동,목동신시가지12,56.76,3,1988,2026,3,13,39900,0,갱신,26.04~28.04,38000,,326
11470,신정동,신정6현대,84.6,9,2000,2026,3,13,43000,0,갱신,26.04~28.04,41000,,743-2
11470,신정동,목동신시가지9,53.82,7,1987,2026,3,13,50000,0,신규,26.05~28.05,,,312
11470,신월동,목동센트럴아이파크위브1단지,59.68,4,2020,2026,3,12,63000,0,신규,26.04~28.04,,,1075
11470,목동,목동신시가지7,66.6,11,1986,2026,3,12,69000,0,갱신,26.04~28.04,62000,,925
11470,신정동,목동신시가지14,83.89,2,1987,2026,3,4,75000,0,갱신,26.03~28.03,69300,,329
11470,신정동,목동신시가지14,55.02,7,1987,2026,3,5,43000,0,갱신,26.03~28.03,41000,,329
11470,목동,목동신시가지1,65.34,4,1985,2026,3,12,58000,0,갱신,26.06~28.06,58000,,901
11470,목동,목동신시가지1,88.5,15,1985,2026,3,3,99500,0,갱신,26.05~28.05,95000,,901
11470,신월동,신월시영,50.67,1,1988,2026,3,12,16600,0,갱신,26.04~28.04,16000,,987-1
11470,신월동,신정두산위브,107.57,3,2012,2026,3,7,76000,0,신규,26.05~28.05,,,1055
11470,목동,목동신시가지1,88.5,8,1985,2026,3,11,85000,0,갱신,26.06~28.06,80000,,901
11470,목동,목동신시가지5,65.08,7,1986,2026,3,10,68000,0,신규,26.04~28.04,,,912
11470,신정동,목동신시가지8,105.35,13,1987,2026,3,7,90000,0,갱신,26.03~28.03,80000,,314
11470,목동,목동신시가지1,47.52,6,1985,2026,3,7,39900,0,신규,26.05~28.05,,,901
11470,목동,목동길성그랑프리텔,77.9337,7,2003,2026,3,12,53000,0,신규,26.05~28.05,,,739-5
11470,신월동,양천벽산블루밍2단지,76.53,10,2006,2026,3,12,32500,0,갱신,26.04~28.04,31000,,1027
11470,신정동,정은SKY빌,84.972,18,2003,2026,3,11,37000,0,갱신,26.07~28.07,32500,,1194-3
11470,신월동,서울가든,86.4,6,1985,2026,3,12,32000,0,갱신,26.03~28.03,30000,,475
11470,목동,목동미소래,84.95,5,2005,2026,3,10,58000,0,갱신,26.03~28.03,58000,,958
11470,신정동,목동우성2,113.91,8,2000,2026,3,11,60000,0,신규,26.05~28.05,,,337
11470,신정동,래미안목동아델리체(119동~123동),59.82,5,2021,2026,3,11,64000,0,갱신,26.03~28.03,61000,,1326
11470,목동,목동센트럴푸르지오,57.9172,4,2015,2026,3,12,34647,0,갱신,26.04~28.03,31427,,404-13
11470,신정동,신정6현대,84.6,8,2000,2026,3,11,42000,0,갱신,26.04~28.04,40000,,743-2
11470,신정동,학마을1단지,59.98,10,2000,2026,3,4,38000,0,갱신,26.04~28.04,35000,,1293
11470,신정동,목동신시가지12,71.64,11,1988,2026,3,10,49000,0,갱신,26.06~28.06,44000,,326
11470,신정동,이펜하우스3단지,84.68,1,2011,2026,3,11,30429,0,갱신,26.04~28.03,28980,,1316
11470,신정동,목동신시가지9,106.93,6,1987,2026,3,7,81900,0,갱신,26.04~28.04,78000,,312
11470,목동,신동아파밀리에,118.5154,7,2002,2026,3,11,90000,0,갱신,26.03~28.03,87000,,772-7
11470,신정동,목동신시가지9,106.93,6,1987,2026,3,7,81900,0,갱신,26.04~28.04,78000,,312
11470,신정동,쌍용,84.63,1,1992,2026,3,10,63000,0,신규,26.05~28.05,,,334
11470,신정동,목동신시가지9,84.99,1,1987,2026,3,5,79000,0,신규,26.04~28.04,,,312
11470,신정동,쌍용,84.63,1,1992,2026,3,10,63000,0,신규,26.05~28.05,,,334
11470,신정동,목동신시가지10,53.82,3,1987,2026,3,11,41000,0,신규,26.04~28.04,,,311
11470,신정동,목동신시가지8,54.94,6,1987,2026,3,6,43050,0,갱신,26.04~28.04,41000,,314
11470,신정동,이펜하우스2단지,84.96,5,2011,2026,3,11,30429,0,갱신,26.04~28.03,28980,,1322
11470,목동,목동신시가지5,152.85,4,1986,2026,3,1,121000,0,신규,26.03~28.03,,,912
11470,신정동,목동신시가지10,53.82,15,1987,2026,3,7,34000,0,갱신,26.04~28.04,34000,,311
11470,신정동,목동신시가지9,71.37,8,1987,2026,3,11,62500,0,갱신,26.03~28.03,51500,,312
11470,목동,목동신시가지3,153.58,5,1986,2026,3,7,116000,0,신규,26.04~28.04,,,903
11470,신정동,목동신시가지13,98.63,10,1987,2026,3,10,83000,0,갱신,26.06~28.06,80000,,327
11470,신월동,롯데캐슬(1057-0),59.88,9,2010,2026,3,7,39000,0,신규,26.06~28.06,,,1057
11470,목동,목동신시가지7,66.6,6,1986,2026,3,4,68000,0,갱신,26.05~28.05,65000,,925
11470,신정동,대림e-편한세상,109.905,19,2004,2026,3,11,68000,0,갱신,26.03~28.01,63000,,1303
11470,신정동,목동해오름103동,84.63,7,2005,2026,3,9,45000,0,신규,26.04~28.04,,,1013-1
11470,신정동,목동신시가지12,72.75,2,1988,2026,3,5,56000,0,신규,26.05~28.05,,,326
11470,신정동,신정숲속마을,59.99,13,2016,2026,3,10,22572,0,갱신,26.04~28.03,21498,,1324
11470,신정동,이펜하우스3단지,84.86,10,2011,2026,3,10,30429,0,갱신,26.04~28.03,28980,,1316
11470,신정동,신정숲속마을,59.99,2,2016,2026,3,10,21704,0,갱신,26.04~28.03,20671,,1324
11470,신월동,신목동파라곤,84.9582,8,2024,2026,3,7,75000,0,신규,26.05~28.05,,,1085
11470,신정동,건영,59.65,4,1996,2026,3,8,41900,0,신규,26.04~28.04,,,890-13
11470,신정동,래미안목동아델리체(101동~118동),84.72,4,2021,2026,3,10,93000,0,신규,26.04~28.04,,,1326
11470,목동,목동청구한신아파트,84.76,12,1997,2026,3,10,90000,0,갱신,26.06~28.06,89000,,929
11470,목동,목동신시가지5,65.08,4,1986,2026,3,7,63560,0,갱신,26.05~28.05,55560,,912
11470,신월동,목동센트럴아이파크위브2단지,52.85,8,2020,2026,3,7,47000,0,신규,26.06~28.06,,,1076
11470,신월동,대주파크빌,59.98,4,2004,2026,3,7,39000,0,신규,26.06~28.06,,,1028
11470,신정동,호반써밋목동,84.9224,14,2022,2026,3,10,80000,0,갱신,26.03~28.03,77000,,1327
11470,신월동,신월시영,43.2,1,1988,2026,3,9,18000,0,신규,26.03~28.03,,,987-1
11470,신정동,목동신시가지10,53.82,13,1987,2026,3,7,43000,0,갱신,26.04~28.04,36500,,311
11470,목동,목동신시가지2,97.92,15,1986,2026,3,8,89250,0,갱신,26.04~28.04,85000,,902
11470,신월동,신월2차보람쉬움,82.51,11,2005,2026,3,4,43000,0,신규,26.05~28.05,,,1039
11470,목동,목동신시가지5,95.22,4,1986,2026,3,7,90000,0,갱신,26.05~28.05,86000,,912
11470,신정동,신트리3,84.8,9,2000,2026,3,7,52000,0,갱신,26.05~28.05,50000,,1276
11470,신월동,신정두산위브,59.78,4,2012,2026,3,8,37800,0,갱신,26.03~28.03,36000,,1055
11470,신정동,목동신시가지13,70.73,12,1987,2026,3,7,51400,0,갱신,26.04~28.04,49000,,327
11470,신월동,수명산그린시아,83.25,3,2014,2026,3,7,42000,0,갱신,26.03~28.03,40000,,1070
11470,신정동,목동파크자이(101동~108동),84.977,13,2019,2026,3,7,105000,0,신규,26.04~28.04,,,1325
11470,신정동,목동신시가지10,53.82,11,1987,2026,3,9,36200,0,갱신,26.04~28.04,34500,,311
11470,신정동,목동2삼성래미안,84.65,6,2001,2026,3,8,57880,0,신규,26.06~28.06,,,1295
11470,신정동,목동신시가지14,83.89,3,1987,2026,3,7,64000,0,신규,26.04~28.04,,,329
11470,목동,삼익,59.87,4,1997,2026,3,7,51450,0,갱신,26.04~28.04,49000,,933
11470,신정동,건영,59.65,4,1996,2026,3,8,41900,0,신규,26.04~28.04,,,890-13
11470,신정동,장미,74.03,1,1996,2026,3,7,30700,0,신규,26.05~28.05,,,917-10
11470,신월동,신월시영,50.67,10,1988,2026,3,6,23000,0,신규,26.04~28.04,,,987-1
11470,신정동,목동신시가지9,126.53,14,1987,2026,3,7,99000,0,신규,26.04~28.04,,,312
11470,신월동,목동센트럴아이파크위브3단지,52.85,8,2020,2026,3,7,46200,0,갱신,26.03~28.03,44000,,1077
11470,신정동,래미안목동아델리체(119동~123동),59.82,6,2021,2026,3,7,71000,0,신규,26.05~28.05,,,1326
11470,신월동,목동센트럴아이파크위브2단지,59.68,7,2020,2026,3,6,54600,0,갱신,26.04~28.04,52000,,1076
11470,신정동,신트리3,84.25,4,2000,2026,3,7,58000,0,신규,26.06~28.06,,,1276
11470,신월동,목동센트럴아이파크위브4단지,84.97,4,2020,2026,3,6,73000,0,신규,26.06~28.06,,,1078
11470,신월동,목동센트럴아이파크위브3단지,52.85,10,2020,2026,3,7,47200,0,갱신,26.05~28.05,45000,,1077
11470,신월동,은일로즈힐,84.658,14,2003,2026,3,6,34000,0,신규,26.03~28.03,,,1003-4
11470,신월동,신월시영,50.67,12,1988,2026,3,8,17010,0,갱신,26.03~28.03,17010,,987-1
11470,신정동,목동삼성,84.77,4,1996,2026,3,7,72000,0,갱신,26.05~28.05,68000,,1278
11470,목동,대원칸타빌,84.97,4,2001,2026,3,6,79800,0,갱신,26.05~28.05,76000,,808-5
11470,목동,진도1,84.96,9,1998,2026,3,7,85600,0,갱신,26.03~28.03,75600,,935
11470,신월동,목동센트럴아이파크위브3단지,84.98,10,2020,2026,3,6,60000,0,신규,26.03~28.02,,,1077
11470,신정동,목동신시가지11,66.24,5,1988,2026,3,6,42000,0,갱신,26.03~28.03,40000,,325
11470,신정동,목동신시가지11,66.24,3,1988,2026,3,6,35200,0,갱신,26.05~28.05,33600,,325
11470,신정동,목동신시가지11,66.24,12,1988,2026,3,6,32750,0,신규,26.05~28.05,,,325
11470,신정동,푸른마을3,59.99,5,2001,2026,3,6,26618,0,갱신,26.04~28.04,25350,,1283
11470,신정동,신정6현대,84.6,16,2000,2026,3,6,53000,0,신규,26.05~28.05,,,743-2
11470,신정동,신정6현대,59.66,19,2000,2026,3,5,38000,0,신규,26.04~28.04,,,743-2
11470,신월동,온누리베일리,53.74,4,2016,2026,3,4,20000,0,신규,26.04~28.04,,,207-43
11470,신정동,래미안목동아델리체(101동~118동),115.97,27,2021,2026,3,5,118000,0,갱신,26.04~28.04,110000,,1326
11470,신정동,목동신시가지10,70.2,3,1987,2026,3,4,63000,0,갱신,26.04~28.04,60000,,311
11470,신정동,현대,84.84,1,1995,2026,3,5,58000,0,갱신,26.03~28.03,58000,,1252
11470,신정동,래미안목동아델리체(101동~118동),115.97,15,2021,2026,3,5,115000,0,갱신,26.04~28.04,110000,,1326
11470,신월동,목동센트럴아이파크위브1단지,84.98,2,2020,2026,3,5,73000,0,신규,26.05~28.05,,,1075
11470,신정동,목동신시가지10,61.26,1,1987,2026,3,6,54000,0,신규,26.04~28.04,,,311
11470,신정동,목동신시가지10,53.82,2,1987,2026,3,5,43000,0,신규,26.04~28.04,,,311
11470,신월동,신목동파라곤,59.7052,4,2024,2026,3,5,63000,0,신규,26.04~28.04,,,1085
11470,목동,목동청구한신아파트,84.77,1,1997,2026,3,4,90000,0,신규,26.04~28.04,,,929
11470,신정동,신트리4,48.96,3,2000,2026,3,5,35000,0,신규,26.04~28.04,,,1277
11470,신정동,목동신시가지14,71.4,4,1987,2026,3,3,52500,0,갱신,26.04~28.04,50000,,329
11470,목동,목동신시가지2,138.69,1,1986,2026,3,4,130000,0,신규,26.03~28.03,,,902
11470,신정동,신트리1,59.73,14,1999,2026,3,3,45000,0,신규,26.04~28.04,,,1259
11470,목동,목동신시가지2,95.67,8,1986,2026,3,5,95000,0,갱신,26.03~28.03,95000,,902
11470,목동,목동신시가지4,142.2,10,1986,2026,3,5,125000,0,갱신,26.03~28.03,110000,,904
11470,목동,목동청구한신아파트,84.76,10,1997,2026,3,4,93000,0,갱신,26.05~28.05,93000,,929
11470,신정동,래미안목동아델리체(101동~118동),84.72,1,2021,2026,3,4,92000,0,신규,26.04~28.04,,,1326
11470,신정동,목동신시가지14,108.28,2,1987,2026,3,4,84000,0,갱신,26.03~28.03,80000,,329
11470,목동,목동신시가지3,64.98,2,1986,2026,3,3,60000,0,갱신,26.04~28.04,53000,,903
11470,신월동,목동센트럴아이파크위브3단지,84.98,9,2020,2026,3,4,66000,0,갱신,26.05~28.05,63000,,1077
11470,목동,애드웰(774-10),73.41,9,2004,2026,3,3,50400,0,갱신,26.04~28.04,48000,,774-10
11470,신정동,목동신시가지8,71.77,8,1987,2026,3,4,64000,0,갱신,26.03~28.03,62000,,314
11470,신월동,신월시영,43.2,9,1988,2026,3,4,15000,0,신규,26.05~28.05,,,987-1
11470,목동,신목,74.64,3,1992,2026,3,4,46000,0,신규,26.04~28.04,,,764-4
11470,신월동,신월대림,84.99,1,2001,2026,3,2,43000,0,갱신,26.03~28.03,41000,,491-1
11470,신정동,목동우성3,59.69,17,1999,2026,3,3,48000,0,신규,26.04~28.04,,,338
11470,목동,건영,84.42,11,1994,2026,3,2,43000,0,신규,26.05~28.05,,,928
11470,신월동,목동센트럴아이파크위브1단지,59.97,11,2020,2026,3,4,54600,0,갱신,26.05~28.05,52000,,1075
11470,신정동,이연에버리치,84.79,2,2007,2026,3,3,47460,0,갱신,26.03~28.03,45200,,888-8
11470,신정동,신정숲속마을,49.99,8,2016,2026,3,4,17797,0,갱신,26.04~28.03,16950,,1324
11470,신정동,학마을1단지,49.99,11,2000,2026,3,4,23150,0,신규,26.05~28.05,,,1293
11470,신정동,목동2삼성래미안,114.16,8,2001,2026,3,3,78000,0,신규,26.04~28.04,,,1295
11470,신정동,동국화이트빌B동,84.65,7,2003,2026,3,2,43000,0,신규,26.03~28.03,,,879-5
11470,신정동,세양청마루,84.98,10,2006,2026,3,3,62000,0,갱신,26.03~28.03,55000,,1306
11470,신정동,중앙하이츠,134.98,12,2010,2026,3,2,80000,0,갱신,26.03~28.03,77000,,1314
11470,신월동,해태,84.93,16,1999,2026,3,2,43500,0,신규,26.03~28.03,,,514-3
11470,신정동,동원데쟈뷰,102.39,2,2002,2026,3,2,37800,0,갱신,26.04~28.04,36000,,938-7
11470,목동,목동신시가지7,53.88,2,1986,2026,3,3,49000,0,갱신,26.05~28.05,42000,,925
11470,신월동,목동센트럴아이파크위브4단지,101.47,12,2020,2026,3,2,85000,0,신규,26.05~28.05,,,1078
